title,content0,content1,content2,content3,content4,content5,content6,content7,content8,content9,content10,content11,content12,content13,content14,content15,content16,content17
第1章 一碗清汤面一百金魂币？,武魂城最繁华的商业街上，夕阳西下，金辉洒满青石板路。,“我快饿死了，咱们赶紧找个地方吃饭吧。”,焱捂着干瘪肚子，刚结束一天高强度的修炼，此刻正跟胡列娜和邪月走在街上。,三人身为武魂殿黄金一代，平日里修炼强度极大，消耗的体力和魂力都远超常人。,“你就知道吃。”邪月白了他一眼，不过他的肚子也确实有些饿了，刚才修炼时还听到了咕噜声。,胡列娜轻笑一声：“你们俩半斤八两，刚才肚子一个比一个叫得响。”,正说着，一股前所未有的香味飘了过来。,不是普通饭菜的香味，而是那种能够直接刺激灵魂深处的神奇香气，让人忍不住想要寻找香味的来源。,三人几乎同时停下脚步，鼻翼微张，贪婪地嗅着空气中的香味。,“这什么味道？好香啊！”胡列娜眼睛都亮了。,焱吞了口唾沫：“我还从没闻过这么香的味道，这比武魂城顶级酒楼做的菜香多了！”,“我赞同。”邪月也认同这一点。,三人对视一眼，都从对方眼中看到了同样的渴望，下意识地跟着香味走到街道尽头，发现了一家装修古朴的小店。,店面不大，门头上挂着一块木质招牌，上面写着“枫染亭”三个字。,字迹苍劲有力，透着一股说不出的韵味。,“这家店我怎么从来没见过？”邪月疑惑道，“我们经常走这条路，按理说不应该错过啊。”,胡列娜也觉得奇怪：“确实，这条街我都走熟了，什么时候多了这么一家店？”,“管他呢，进去看看再说。”焱已经被香味勾得口水直流，哪还有心思思考这些问题。
第1章 一碗清汤面一百金魂币？,几人推门而入，店内装潢古朴雅致，几张实木桌椅整齐摆放，墙上挂着几幅山水画，给人一种闲适安宁的感觉。,空气中弥漫着淡淡的檀香味，与那诱人的食物香气混合在一起，形成了一种奇妙的氛围。,最吸引人注意的是柜台后面的年轻男子。,他穿着一身干净简洁的便装，正躺在藤制摇椅上打盹，黑发随意地搭在额前，五官精致清秀。,阳光透过窗户洒在他身上，整个人看起来慵懒而迷人。,胡列娜看清对方容貌后，眼神都亮了几分。,这个人，长得倒是挺符合她胃口的！（众所周知，胡列娜是个颜狗。）,不过当她仔细感知了一下，发现对方身上没有丝毫魂力波动后，又不禁有些失望。,没有魂力就不是魂师，和她注定不是一个世界的人。,真可惜，长得这么好看却是个普通人。,“客人？”,林枫像是才感受到有人进店，半睁开一只眼睛，语调慵懒得要命。,“菜单在桌子上，想吃什么直接点就行。”,说完又重新闭上眼睛，继续打盹，完全没有一般店主看到客人时的热情。,“这老板也太佛系了吧…”焱抽了抽嘴角，“做生意还能这么淡定的？”,邪月也觉得有趣：“第一次见到这么有个性的店主，不过这香味确实诱人。”,三人在桌边落座，胡列娜拿起桌上的菜单翻开，却发现里面一片空白。,
第1章 一碗清汤面一百金魂币？,“咦？怎么什么都没有？”她困惑地翻了几页，都是空白的。,正疑惑间，菜单上突然浮现出了字迹，就像是有隐形的手在上面书写一般。,“三级菜单”几个大字首先映入眼帘，字体飘逸洒脱，接着下面开始显示菜品和价格。,“清汤面…100金魂币！？”,胡列娜的声音瞬间拔高了八度，险些把菜单扔出去。,“凉拌黄瓜150金魂币！？开什么玩笑！”,要知道，100金魂币在普通人眼中已经是一笔天文数字了。,一枚金魂币就够一个三口之家三个月的开销，而这里一碗面条就要这个价？,“让我看看。”邪月接过菜单，眼珠子差点掉出来，“小葱拌豆腐200金魂币，油炸花生米300金魂币…这是抢钱吧！”,焱听到价格后脸色瞬间变得铁青，刚才还饿得前胸贴后背，现在却被这离谱的价格给气饱了。,“玛德，遇到黑店了！”,他猛地站起身，身上魂力开始暴动，强烈的火焰气息瞬间充斥整个店铺。,“武魂附体！”,火焰领主武魂释放，焱的身体表面燃起熊熊烈火，整个人变得高大威猛，气势狂暴无比。,“臭小子，你这是在坑爹呢！一碗面条100金魂币？我砸了你这黑店！”,说着焱就要朝着林枫走去，准备给这个不知天高地厚的店主一点颜色看看。在武魂城，还没有人敢这么明目张胆地坑人！,胡列娜和邪月都被焱的突然爆发吓了一跳，连忙想要阻止。,“焱，冷静一点！”
第1章 一碗清汤面一百金魂币？,“先别冲动，这里毕竟是人家的店！”,然而下一秒发生的事情，让三人彻底震惊了。,“不吃饭就滚出去。”,林枫眼皮都没睁开，只是不耐烦地咂了咂舌，声音依然懒洋洋的，仿佛焱的威胁对他来说不过是微风拂面。,但他话音刚落，一股无法抗拒的恐怖威压瞬间降临！,这威压强得离谱，不是普通魂师能够释放出来的那种威压，而是一种更加本质的压制，仿佛来自灵魂深处的恐惧。,焱连一秒钟都没坚持住，武魂竟然被硬生生压回了体内，整个人瞬间跪倒在地，口中喷出一口鲜血。,“这…这怎么可能！”,胡列娜和邪月脸色苍白，两人也在这股威压下浑身颤抖，勉强保持站立已经是极限了。,要知道焱的实力现在可是三十九级战魂尊，武魂附体状态下的他居然被对方的气势瞬间压制得吐血，这个看起来人畜无害的店主到底是什么级别的强者？,魂斗罗？还是…封号斗罗？,可这也太年轻了吧！看起来不过二十出头的样子，怎么可能有这种实力？,“对…对不起前辈！我们冒犯了！”,胡列娜连忙向林枫道歉，心中的震撼无以复加。,就连声音都在颤抖，再也没有了平时的从容。,一个看起来二十出头的年轻人，竟然有如此恐怖的实力！这完全颠覆了她对魂师修炼的认知。,闻言，林枫总算是睁开眼睛，那深邃的黑色瞳孔里透着淡漠，让胡列娜下意识地打了个寒颤。,
第1章 一碗清汤面一百金魂币？,“你们到底吃不吃饭？”他的语气依然懒散，但其中蕴含的威胁让人不敢忽视。,邪月回过神来，赶紧开口：“前辈恕罪，我们这就点菜！”,声音里带着明显的紧张和恐惧，哪还有刚才的质疑。,林枫这才收回威压，重新闭上眼睛，仿佛刚才什么都没发生过一样......,,,,,,,,,,,,,,
第2章 三根杂鱼韭菜，给点垃圾打发走得了,焱被邪月从地上扶起，擦了擦嘴角的血迹，眼中满是恐惧和不甘。,他从小到大还从未受过这样的屈辱，但面对绝对的实力差距，只能咬牙忍下。,“我们…我们点三碗清汤面。”,把焱搀扶回原来的座位后，邢月结结巴巴地下了单。,虽然价格离谱，但现在也只能认栽了，在小命面前，金钱已经不重要了。,“请稍等。”,林枫终于从躺椅上起身，动作依然慢条斯理，系上围裙，戴上厨师帽走进了厨房。,而此时的林枫，虽然表面上没什么表情，但内心却已经激动到快要尖叫了！,“哈哈哈，黄金一代终于来了！这可是能接触到封号斗罗级别的客人啊！”,“不枉我故意弄出香味把他们引来，这波稳了！”,林枫是从蓝星穿越到斗罗大陆的穿越者，带着一个叫做“诸天美食系统”的金手指，还有一家名为“枫染亭”的饭店。,在饭店内，林枫就是绝对的王者，哪怕是神祇降临也得乖乖遵守他的规矩。,更重要的是，卖出美食获得的收益能按照10:1的比例兑换成美食积分，用来购买诸天万界的各种奖励。,从斗罗特产的仙草魂骨，到异界奇珍的异火写轮眼，甚至连奥特曼变身器都有！,对于前世就是专业厨师的林枫来说，做菜自然不在话下。,他本以为能借此走上人生巅峰，左拥千仞雪右抱比比东，顺便把唐神王踩在脚下。,可现实却给了他一记响亮的耳光。,就因为这该死的价格定位！
第2章 三根杂鱼韭菜，给点垃圾打发走得了,一碗清汤面100金魂币，哪怕是那些有钱的魂师，看到菜单后也会觉得这是在抢钱。,所以整整一个星期，林枫的饭店连一个客人都没有。,每天就是躺在摇椅上发呆，偶尔释放点香味想要引客人上门，结果人家闻香而来，看到价格后扭头就走。,眼看着系统商城里那些诱人的奖励，林枫只能望洋兴叹。,没有客人消费就没有美食积分，没有美食积分就兑换不了任何东西，这简直是要逼死他这个穿越者啊！,不过好在今天终于让他逮到了了胡列娜三人。,武魂殿黄金一代，背景够硬，实力够强，最关键的是应该不差钱！,相信从今天开始，他饭店的名声就要在武魂殿内部传开了。,想到这里，林枫嘴角不禁上扬。,等比比东等一众封号斗罗亲自光临时，那才是真正的大客户啊！,一想到这里，林枫就干劲满满！,他来到满是现代化物品的后厨，熟练地开火煮面。,同时切葱花香菜分别放入三个碗中，加上食盐、鸡精、生抽酱油、虾皮，最后的关键，适量的猪油！,这也是清汤面好吃的关键！,最后再把煮好的面条装入三个碗里，三碗清汤面，搞定！,仅仅几分钟时间，林枫就端着三碗面条走了出来。,看起来就是普通的清汤面，面条晶莹剔透，汤水清澈见底，上面飘着一层金黄的油花，撒着一把香菜和虾皮。,
第2章 三根杂鱼韭菜，给点垃圾打发走得了,但是那香味…...,三人几乎同时咽了口唾沫。,这香味太霸道了，直接征服了他们的嗅觉，让人忍不住想要立刻品尝，就连刚才的恐惧竟然在这香味面前退却了几分。,“慢用。”林枫淡淡说道，重新回到摇椅上。,胡列娜小心翼翼地夹起一筷子面条，吸入口中。,瞬间！,一种前所未有的美味在口腔中爆发！,不仅仅是味觉上的享受，更是灵魂层面的升华！,面条Q弹有劲，清汤鲜美无比，每一口都让人感觉到无与伦比的满足感，仿佛灵魂都得到了升华。,焱和邪月也是同样的表情，三人埋头狂吃，连说话都顾不上了。,什么恐惧，什么威压，此刻都被这美味驱散了。,“真…真香…”,短短几分钟，三碗面条就被一扫而空。,焱甚至还舔了舔碗底，一点汤都不想浪费。,“太好吃了！”胡列娜靠在椅子上，脸上露出幸福的表情，“我从来没想过一碗清汤面能这么美味！”,焱和邪月也是纷纷点头赞同，三人脸上都带着满足的表情。,“一共三百金魂币，感谢惠顾。”,这时，林枫的声音从柜台后传了过来。
第2章 三根杂鱼韭菜，给点垃圾打发走得了,三人脸上的满足瞬间凝固，取而代之的是一脸肉疼。,这面条好吃是好吃，但也是真的贵啊！,虽然他们身为黄金一代不缺钱，但也不是这么造的啊。,三百金魂币！够他们在大酒楼吃好几天大餐了！,“早知道就不进来了。”焱小声嘀咕着，但声音里却带着一丝不舍。,说是后悔，但如果再让他选一次，他估计还是会进来。,邪月无奈走到柜台前，从魂导器里取出三个小布包放在林枫面前。,这才转过身，准备和其他两人一起逃离这个让他们又爱又恨的地方。,“别走。”,这两个字一出，三人的脚步瞬间僵住，焱的手都伸到门把手上了，整个人像被定身咒定住一样。,胡列娜转过身，脸上挤出一个比哭还难看的笑容：“前辈，您还有什么吩咐？”,只不过她的心里却在疯狂吐槽：该不会嫌我们消费太少了吧？三百金魂币还不够？要不要这么黑啊！,不过林枫下一句话就让三人重新放心下来。,只见林枫懒洋洋的抬起手，声音带着一种说不出的慵懒：“给你们抽个奖。”,“抽奖？”三人齐刷刷地回头，眼中闪过一丝好奇和期待。,难道这黑心老板还有点良心，准备给他们点补偿？,林枫嘴角微微上扬，露出一个神秘的笑容。,
第2章 三根杂鱼韭菜，给点垃圾打发走得了,他慢悠悠地从摇椅上坐起身，看向系统面板。,【消费：100（平均消费）。】,【系统评价：扣扣搜搜的三根杂鱼韭菜，随便给点垃圾奖励打发走得了！】,【随机奖励：魂力微弱提升*3】,【宿主奖励：美食积分30】,看到系统的评价和奖励，林枫的表情僵硬了一瞬。,他怎么感觉这系统比他还势利眼呢？蚊子再小也是肉啊！,看见胡列娜三人还在眼巴巴的盯着自己，林枫干咳一声，平静道：“你们运气不好，安慰奖，魂力微弱提升。”,话音刚落，三道金色光点从林枫指尖飞出，分别没入三人体内。,胡列娜只觉得一股温和的暖流从丹田升起，如春风化雨般滋润着她的经脉。,她瞪大眼睛，难以置信地感受着体内的魂力正以惊人的速度增长。,几乎是，眨眼间便从三十九级升到了四十级。,“我…我突破了？”胡列娜声音都在颤抖，低头看着自己的双手，感受着体内澎湃的魂力，整个人都有些晕乎乎的。,邪月和焱也同样震撼。,虽然他们没有像胡列娜那样直接突破，但体内的魂力也有了明显的提升。,原本需要苦修数月才能积累的魂力，竟然在瞬间就达到了。,最终，回过神来的胡列娜咽了口唾沫，颤声问道：”敢问前辈您是.....“,
第3章 抽奖升级？菊斗罗表示不信,“我不过就是个开饭店的普通老板而已。”,林枫淡定的摇了摇，语气平静的像一潭湖水。,那副云淡风轻的模样，让胡列娜三人嘴角一阵抽搐。,开饭店的老板？,就您这实力，说是神都有人信好吧！,随手一指就能让我们魂力提升，这叫开饭店的普通老板？,那他们武魂殿的封号斗罗，岂不是只能在您这当保安？,“这是我饭店的规矩，吃饭送抽奖。”林枫的声音依旧懒散。,“抽奖？”邪月重复着这个词，眼中满是不敢置信，“您是说，只要在这里吃饭，就能获得魂力提升？”,“不一定。”林枫重新躺回摇椅，声音平淡，“看运气，有时候是魂力提升，有时候是别的奖励。”,焱挠了挠头，声音还有些颤抖：“那...那如果点更贵的菜，奖励会更好吗？”,听到这个问题，林枫嘴角露出一个意味深长的笑容。,这小火人虽然冲动，但脑子转得还挺快。,“当然。”他慢悠悠地说道，“消费越高，奖池等级越高，能抽到的奖励自然也就越好。”,“不过你们现在的实力，也就只能看三级菜单。想吃更高级的？先把实力提上去再说。”,三人对视一眼，都从对方眼中看到了震撼。,如果这个年轻店主说的都是真的，那这家饭店简直就是魂师修炼的圣地啊！,魂力提升这种事情，对任何魂师来说都是梦寐以求的。
第3章 抽奖升级？菊斗罗表示不信,哪怕是武魂殿的各种天材地宝，也未必能有如此立竿见影的效果。,“那...那我们先告辞了。”胡列娜勉强镇定下来，向林枫微微欠身，“多谢前辈赐予的奖励。”,“慢走不送。”林枫挥了挥手，重新闭上眼睛。,走出饭店，三人对视一眼，都从彼此眼中看到了同样的想法。,这件事，必须立刻上报给武魂殿高层！,如果真如那位神秘店主所说，消费越高奖励越好，那武魂殿岂不是能在短时间内实力暴涨？,想到这里，三人再也坐不住了。,“走！赶紧回教皇殿！”胡列娜当机立断，“这种大事必须马上汇报给老师！”,三人离开之前，齐刷刷回头看了一眼那家古朴的小店。,“枫染亭”三个字在夕阳下显得格外醒目，仿佛在提醒着他们刚才经历的一切都不是梦。,“我们明天还来吗？”焱低声问道。,“来！当然要来！”胡列娜毫不犹豫，“就冲这魂力提升的效果，就算砸锅卖铁我也要天天来吃！”,邪月深以为然地点头：“说得对，这种机缘可遇不可求。”,三人说着便匆匆离去，身影很快消失在街道尽头。,林枫自然听到了胡列娜三人的谈话，见几人离开后，差点没高兴得笑出猪叫声。,漂亮！,就是这样！,
第3章 抽奖升级？菊斗罗表示不信,赶紧回武魂殿把我的韭菜......啊不是，把封号斗罗都叫来！,让他们来我这里消费！,这样我就可以赚取大量的美食积分了，那样走上人生巅峰还远吗？,想到比比东那个教皇级别的大客户，还有那些封号斗罗长老们，林枫心里乐开了花。,一个封号斗罗随便点几个九级菜单的菜，那得是多少美食积分啊！,不过为了维持住高人形象，林枫还是强忍着没有表现出来，依旧躺在摇椅上装出一副云淡风轻的样子。,“系统，今天收获怎么样？”虽然林枫知道今天就赚了三十积分，但他还是忍不住在心中询问。,【今日营业额：300金魂币】,【美食积分获得：30点】,【系统评价：虽然开了张，但这点积分连个小玩意都买不起，继续努力吧，杂鱼店主！】,林枫嘴角抽了抽。,这破系统，真是哪壶不开提哪壶。,不过没关系，等比比东她们来了，看我怎么把积分刷爆！,想到这里，林枫心情大好，哼着小曲继续躺在摇椅上，等待着明天更多的“韭菜”上门。,......,胡列娜三人一路狂奔，恨不得长出翅膀直接飞回教皇殿。,“快快快！这么大的事儿不能耽搁！”,焱跑得满头大汗，但想到刚才体内魂力的变化，整个人都兴奋得不行。
第3章 抽奖升级？菊斗罗表示不信,三人火急火燎地冲到教皇殿前，守门的护卫都被吓了一跳。,“这三人咋了？被魂兽追杀了？”,“快去通报老师！我们要见教皇冕下！”胡列娜顾不上仪态，直接对侍卫喊道。,侍卫面露难色：“胡列娜小姐，教皇冕下正在闭关，任何人都不得打扰…”,“什么？！”,三人脸色瞬间垮了。,这时候闭关？早不闭关晚不闭关，偏偏这个时候！,焱急得直打转：“完了完了，这么大的功劳不能第一时间汇报，万一被别人抢先…”,“别慌！”邪月眼珠一转，“咱们找菊长老！”,没错，菊斗罗月关虽然不是教皇，但作为教皇座下哼哈二将之一，在武魂殿的地位也是举足轻重。,三人立刻改变方向，直奔月关居住的庭院。,他们也顾不上什么礼仪之类的了，直接就推门而入。,“菊长老！”,胡列娜三人一冲进院子，就看到菊斗罗正拿着金色小剪刀，在几乎中种满了整个院子的花园里为花修剪枝叶。,那动作叫一个优雅，兰花指微翘，姿态妖娆得让人不忍直视。,“哎呀，什么风把你们三个小家伙给吹来了？”,月关头都没抬，继续专心致志地修剪着花朵，声音娇柔得让人起鸡皮疙瘩。,
第3章 抽奖升级？菊斗罗表示不信,“长老，我们有重要的事情要汇报！”胡列娜顾不上平时的礼貌，直接开门见山。,“重要的事？”月关这才抬起头，妖娆的脸上带着几分好奇，“说来听听，什么事能让你们三个这么急火火的？”,胡列娜深吸一口气，开始详细述说今天在枫染亭的经历。,从闻到香味被吸引，到看见天价菜单的震惊，再到那个年轻店主展现出的恐怖实力，最后是饭后的魂力提升奖励。,她说得极其详细，生怕漏掉任何一个细节。,月关一开始还饶有兴致地听着，但听到后面，脸上的表情逐渐变得古怪起来。,等胡列娜说完，月关直接“噗嗤”一声笑了出来。,“哈哈哈哈！”,菊斗罗笑得花枝乱颤，兰花指指着三人，眼泪都快笑出来了。,“我说你们三个小家伙，是不是被人用幻术给骗了？”,月关收起剪刀，走到三人面前，揉了揉胡列娜的脑袋。,“一碗清汤面100金魂币，就当买个教训吧。”,眼见菊斗罗完全不相信，焱和邪月直接以性命担保，证明胡列娜刚才所言非虚。,这倒是让菊斗罗微微一愣.....,随后，菊斗罗总算是收起了笑意，微微有些严肃道：“你们说的都是真的？”,,,
第4章 菊斗罗要砸店，焱舍身救门,听到菊斗罗询问，三人连连点头，焱更是拍着胸脯保证：“菊长老，我们以武魂起誓，绝对没有半句虚言！”,菊斗罗见三人不似作伪，心中不仅没有相信他们，反倒是凝重了下来。,因为此刻的他已经确认，这三小只绝对是被施展了什么幻术给迷惑住了。,不然他们绝对不可能说出如此离谱之事。,吃个饭，抽个奖就能升级？,那他们这些封号斗罗也别刻苦修炼了，以后天天去饭店报道得了！,更重要的是，胡列娜可是比比东的亲传弟子，焱和邪月也是武魂殿重点培养的天才。,现在居然被人用如此拙劣的手段给骗了，这简直是在打武魂殿的脸！,“哼！”,菊斗罗冷哼一声，兰花指轻抚脸颊，妖娆的脸上带着几分寒意。,“敢在武魂城地界上装神弄鬼，还敢骗我武魂殿的人，真是活腻了！”,他决定亲自去会会那个所谓的“神厨”，拂袖道：“我倒要看看，是何方神圣，敢在武魂城装神弄鬼！“,虽然胡列娜等人并没有受到实质性的伤害，但这在月关看来，这依然是对武魂殿的挑衅！,身为武魂殿长老，月关自然是要好好教训一下对方的！,说罢，菊斗罗就已经先一步离开庭院，身形如同飞花般优雅，但那股肃杀之气却让人不寒而栗。,院内，只剩下三小只面面相觑。,虽然他们的目的的确是想让菊斗罗去那个店里看看，但绝对不是让他以这种砸场子的架势去啊！,胡列娜看着菊斗罗那副要去砸店的模样，整个人都不好了。
第4章 菊斗罗要砸店，焱舍身救门,她本来是想让长老去验证一下她们的话，顺便让武魂殿高层知道这个天大的机缘，结果现在搞得好像要去报仇似的。,“完了完了，菊长老这是要去砸场子啊！”焱双手抓着自己的头发，欲哭无泪。,“那位前辈实力恐怕也是封号斗罗的实力，菊长老这样过去，能讨到好处吗？”邪月也是满脸焦急。,当然，对他们来说，菊斗罗会不会挨揍只是小事。,更重要的是，万一把那位神秘的前辈给惹怒了，以后他们还怎么去吃饭提升实力？,胡列娜脸色发白：“我们快追上去！必须要在菊长老动手之前解释清楚！”,三人连忙追了出去，一边跑一边在心里祈祷千万别出事。,菊斗罗身为封号斗罗，速度自然是极快。,但是商业街距离武魂殿毕竟还是有一段距离，再加上胡列娜等人也耽误了不少时间。,所以等菊斗罗到了商业街的时候，天色已经黑了下来。,随后，随后就这么背着手，就跟逛街似的，慢悠悠朝着胡列娜等人所说的街道尽头走去。,不过走着走着，菊斗罗忽然停下脚步，眉头微蹙。,作为封号斗罗，他的感知力远超常人，此刻竟然闻到了一股异常诱人的香味。,这香味不同于寻常饭菜，仿佛能够直接刺激灵魂深处，让人忍不住想要寻找源头。,“这是什么味道？”月关轻抚下巴，兰花指微翘，眼中闪过一丝惊讶。,以他的见识，各种珍馐美味都品尝过，但从未遇到过如此特殊的香味。,难道那三个小家伙说的是真的？真有这样一家神奇的饭店？,
第4章 菊斗罗要砸店，焱舍身救门,不对，这更像是幻术的手段！,月关很快反应过来，随后脸色变得冷峻。,能够影响到封号斗罗感知的幻术，看来那施术者倒是真的有几分实力。,“装神弄鬼的手段倒是不少。”月关冷笑一声，加快脚步朝着香味源头走去。,很快，他就看到了那家古朴的小店。,“枫染亭”三个字在月辉下显得格外醒目。,菊斗罗站在店门前，稍微打量了一会儿，便慢慢抬起一只脚，准备直接踹门而入。,作为封号斗罗，他有足够的信心和实力来应对任何意外情况。,然而就在他脚下刚刚发力的瞬间，就听到身后传来一声撕心裂肺的吼叫：,“脚下留门！”,焱的声音在空旷的街道上回荡，带着前所未有的焦急和恐惧。,他知道如果让菊斗罗这么硬闯进去，后果绝对不堪设想！,至少把菊斗罗引来的他们，以后是绝对不可能在这里吃饭了！,下一秒，焱直接一个饿狗扑屎，整个人横着飞了过来。,嘭！,焱结结实实撞在菊斗罗的腿上，直接用自己的身体挡住了这一脚。,也还好菊斗罗及时收回了八成的力量，否则焱非得当场报销不可。,可即便如此，巨大的冲击力还是让焱感觉五脏六腑都在翻滚。
第4章 菊斗罗要砸店，焱舍身救门,“呕…”焱捂着肚子，脸色瞬间变得煞白，差点把之前在店里吃的面条全部吐出来。,“你这小子发什么疯！”,菊斗罗被这突如其来的“袭击“搞得有些懵，捏着兰花指瞪着焱，语气中带着几分恼怒。,紧接着，邪月和胡列娜也先后赶到。,邪月顾不得地上直抽抽的焱，一个箭步冲到菊斗罗面前，防止他再有踹门的举动。,他胸口剧烈起伏着，豆大的汗珠一个接一个的顺着脸颊滴落，显然是累的不轻。,但是邪月根本就没有功夫去擦汗，而是用着有些破音的开口阻止道：,“菊长老，您...您千万不能就这样闯进去啊！不然，惹恼了那位前辈，将会是武魂殿最大的损失！”,胡列娜也踉跄着跑过来，一双小手撑着膝盖，小脸煞白得像张纸。,她张嘴想说话，却只能大口大口地喘气，好半天才挤出几个字：“菊爷爷...您...您真的不能冲动啊...”,作为精神系魂师，胡列娜的体质和耐力本就比邪月他们要弱很多。,她这从店里一路赶回武魂殿，随后为了阻止菊斗罗做出不可挽回之事，又马不停蹄狂奔而来。,几乎要让这么个娇媚美人累成个死狗，要不是要维持最后的形象，胡列娜都想顺势躺在地板上了。,当然，要说最惨的还得是焱。,他蜷缩在地上，疼得脸色青一阵白一阵。,他明明是耐力最好的，结果第一个冲到现场，却为了阻止菊斗罗的暴力行为，硬生生挨了一脚。,现在还只能在地上抽搐，在那里像条死鱼一样翻白眼呢。,
第4章 菊斗罗要砸店，焱舍身救门,菊斗罗看着三人这副狼狈样，柳眉微蹙。,这三个小崽子到底在搞什么鬼？,一个个的表现得比见了阎王还要恐怖。,“你们三个是不是脑子被门夹了？”,菊斗罗手指轻点着太阳穴，语气中带着明显的不耐烦。,“就算那人真有点本事，但在武魂城地界上，还能翻出什么浪花不成？”,,,,,,,,,,,,
第5章 天价菜单一出，菊斗罗当场石化！,店里的林枫正躺在摇椅上昏昏欲睡，今天的收获让他心情格外愉悦。,三十点美食积分虽然不多，但至少开了张，这是个好兆头。,按照这个势头发展下去，要不了多久，他就能达到激活系统商城的基础要求了！,嗯，对！,林枫现在其实连系统商城都没有激活，根据系统的说法就是：,【杂鱼宿主现在身无分文（积分），就算是给你激活商城也买不起任何东西。】,【因此，本系统给杂鱼宿主设下了一个激活商城的最基本要求，那就是十万积分！】,【所以，请加油从那些韭菜身上赚取积分吧！】,正在林枫一边想着商城里的奖励，一边快要进入梦乡的时候。,他突然听到外面有什么动静，以及下午时的那三根小韭菜的声音。,“脚下留门！”,听到焱那撕心裂肺的吼叫声，林枫的眼皮跳了跳，什么b动静？,这声音里的焦急和恐惧，就好像有人要把他的店给拆了似的。,紧接着是一阵乱七八糟的声音，什么撞击声、争吵声，还有胡列娜气喘吁吁的劝阻声。,“菊爷爷...您...您真的不能冲动啊...”,菊爷爷？,难不成是菊斗罗来了？,想到这里，林枫猛的从躺椅上坐起来，心里美滋滋的。
第5章 天价菜单一出，菊斗罗当场石化！,看来自己下午的表演很成功，这三小只肯定是回去把事情说了，然后又带人来验证。,一想到封号斗罗级别的大客户即将上门，林枫差点没笑出声来。,可随后，林枫心里又泛起了嘀咕，听胡列娜他们的意思，这菊斗罗好像是来闹事儿的？,从刚才焱那声“脚下留门”和胡列娜紧张的劝阻声来看，这位菊斗罗八成是不信邪，想要来砸场子。,不过很快林枫又放松下来，毕竟他在店里就是绝对无敌的状态，任何人都不会是他的对手。,封号斗罗又如何？在他的地盘上，神都得乖乖排队点菜。,不过作为一个“神秘前辈”，他可不能表现得太急切。,该装的高冷人设还是要装的，毕竟这关系到他以后的定价权威性。,想象一下，如果让客人看到他像个没见过世面的乡巴佬一样兴奋地冲出去迎接，那他的形象不就彻底崩塌了吗？,林枫强忍着想要起身去看看的冲动，继续躺在摇椅上装睡。,外面的声音渐渐平息下来，看样子他们应该是在商量什么。,......,店外，因为见到菊斗罗有些生气了，胡列娜三人都有些害怕。,最终还是胡列娜咬咬牙，鼓起勇气上前一步：“菊爷爷，您先别急着动手啊！要不...要不您先进去看看情况？”,“如果那位前辈真的是骗子，您再动手砸店也不迟啊！”,她现在心里慌得一批。,万一菊斗罗真的和那位神秘店主打起来，不管谁输谁赢，他们以后都别想再进店吃饭了。,
第5章 天价菜单一出，菊斗罗当场石化！,那可是能直接提升魂力的神奇地方啊！,邪月也连忙附和：“对对对！捉奸要捉双，抓贼要抓脏嘛！”,地上的焱听着这话，费力地撑起身子，脸上还带着被菊斗罗那一脚踢得留下的痛苦表情。,“是啊菊长老，您先进去看看也耽误不了多长时间啊！”,听到s三人都这么说，菊斗罗觉得这倒是个不错的主意。,他要是二话不说就砸店，传出去别人还以为他菊斗罗欺负人呢。,况且武魂殿向来讲究师出有名，就算是教训骗子，也得抓个现行才行。,“行，那我就进去会会这个所谓的'前辈’。”,菊斗罗理了理自己的衣襟，“如果真是个骗子，看我怎么收拾他！”,说罢，菊斗罗推门而入。,那优雅的身姿就算是在夜色中也显得格外妖娆，他的目光如鹰隼般锐利，扫视着店内的每一个角落。,古朴的装修，干净的桌椅，墙上的山水画……一切看起来都很正常，就是个普通的小饭店。,但是当他的目光落在柜台后那个躺在摇椅上的年轻人身上时，整个人都愣住了。,这…这就是胡列娜口中那个神秘莫测的前辈？,菊斗罗瞪大眼睛，仔细感知了一下。,没有魂力波动！,一点都没有！,这个看起来二十出头的年轻人，身上完全感受不到任何魂力的存在！
第5章 天价菜单一出，菊斗罗当场石化！,“这不可能...”菊斗罗喃喃自语，有些不敢相信自己的感知。,按照胡列娜他们的说法，这个年轻店主仅靠威压就能压制焱的武魂附体，那至少也得是高阶魂斗罗才能做到的事情。,可眼前这个人.....,菊斗罗转头看了一眼跟在自己身边的胡列娜三人，眼神充满了质疑。,胡列娜读懂对方的眼神，点了点头表示就是这个人。,z这时，菊斗罗再次闻到了那股异常诱人的香味，和刚才在街上闻到的一模一样。,“原来如此。”,菊斗罗恍然大悟，兰花指轻抚下巴。,这家伙八成和胡列娜一样，都是精神系的。,而且实力不弱，能够完美隐藏自己的魂力波动。,想到这里，菊斗罗心中冷笑。,装神弄鬼的本事倒是不小，可惜遇到了他菊斗罗！,当然，菊斗罗知道这种情况还有一种可能。,那就是对方的实力，已经和武魂殿大供奉千道流那样返璞归真的地步，这才导致他完全感受不到对方的魂力波动。,只不过看着对方那不过二十岁上下的模样，菊斗罗立刻就否定了这种可能。,察觉到有人进店，林枫就像之前胡列娜他们进店时一样，半睁开一只眼睛瞥了菊斗罗一眼。,“菜单在桌子上，想吃什么直接点。”,
第5章 天价菜单一出，菊斗罗当场石化！,说完又重新闭上眼睛，继续打盹，完全没有因为来者是封号斗罗而有任何特殊表现。,只不过美中不足的是，林枫那微微有些翘起的嘴角......,见到林枫这副云淡风轻的模样，菊斗罗差点没被气笑了。,他无视了一旁疯狂使眼色的胡列娜三人，讥讽道：“还挺会装的嘛，我倒要看看你能装到什么时候！”,说着，菊斗罗直接走到桌边，一把抓起菜单。,然而下一秒，他整个人都僵住了。,只见原本空白的菜单上，正在缓缓浮现出金光闪闪的大字：,“九级菜单（中品）”,主食：,云泽千丝银线面：8000金魂币。,龙血糯珊瑚饭：8500金魂币。,（以下省略）,......,素菜：,琉璃心果沙拉：8500金魂币。,无垢净莲藕：8800金魂币。,（省略）,......
第5章 天价菜单一出，菊斗罗当场石化！,荤菜：,炙烤雷犀肋排：10000金魂币。,冰封谷霜狼心烩：11500金魂币。,星辉斑斓雉：12000金魂币,（略）,......,,,,,,,,,,,,
第6章 浪费食物的代价，你承受不起,菜单上的菜品种类简直齐全到令人发指。,主食类从各种面条到米饭应有尽有，素菜类更是五花八门，从普通的青菜到各种奇珍异果，荤菜类就更别说了，什么飞禽走兽、山珍海味统统都有。,甜品、汤品、酒水…整整十几个大类，每个大类下面又有更多不同的选择。,各种各样的菜品名看得人眼花缭乱。,什么“云泽千丝银线面”、“龙血糯珊瑚饭”、“琉璃心果沙拉”…光听名字就让人觉得高端大气上档次。,只不过当菊斗罗看到后面的价格时，还是差点把眼珠子都给瞪出来。,一碗面8000金魂币？,这是什么概念？,要知道，8000金魂币已经足够让一个普通的三口之家无忧无虑地生活十辈子了！,结果在这破店里居然只能点一碗面？,就算他身为封号斗罗财大气粗，不在乎这点钱，但也不能这么当冤大头吧？,菊斗罗恶狠狠地瞪了林枫一眼，可那家伙还是悠闲地躺在摇椅上，那平静的表情简直就是在说：爱吃不吃，不吃出门左拐。,完全没有意识到自己定下的价格有多离谱。,“玛德，这小子真把自己当神仙了？”,菊斗罗心中暗骂，随后冷笑一声。,既然你敢开这么离谱的价格，那老子就先点一堆菜，回头不给钱，看你能把我怎么样！,“我要这个云泽千丝银线面，还有这个琉璃心果沙拉。”,菊斗罗故意提高音量，兰花指指着菜单上的菜品。
第6章 浪费食物的代价，你承受不起,“再来个炙烤雷犀肋排，嗯…这个星辉斑斓雉也来一份。”,胡列娜三人在一旁看得胆战心惊。,菊长老这是要干嘛？,感觉他这不像是要正常消费啊！,“还有这个…”,菊斗罗正准备继续点菜，突然听到一个慵懒的声音从柜台后传来。,“你确定要点这么多？”,林枫总算开口了，不过依然没有睁开眼睛。,“我店里的食物能量含量极高，就算是封号斗罗，食量也和普通人差不多。”,“点太多吃不完就是浪费，我这里不允许浪费食物。”,菊斗罗听到这话，差点没笑出声来。,这小子还真把自己当回事了？还不允许浪费食物？,“你管得着吗？本座有的是钱！”,菊斗罗故意挑衅道，兰花指轻抚脸颊。,“爱点多少点多少，你个小店主还能管到本座头上？”,林枫这才慢悠悠地睁开眼睛，淡淡地看了菊斗罗一眼。,“随你便，不过丑话说在前头，浪费食物的后果你承担不起。”,
第6章 浪费食物的代价，你承受不起,说完又重新闭上眼睛，摆明了一副爱咋咋地的态度。,菊斗罗差点被这句话给气笑了，承担不起？他菊斗罗会承担不起什么后果？,“行！那本座就继续点！”,菊斗罗恶狠狠地翻着菜单，“再来个…”,“菊长老！”,胡列娜实在看不下去了，连忙上前拉住菊斗罗的胳膊。,“您别冲动啊！那位前辈既然这么说，肯定有他的道理！”,焱也双手抱着还在隐隐作痛的肚子蹲在一边，劝阻道：“菊长老，要不您就少点一些？”,邪月更是直接挡在菊斗罗面前：“长老，咱们这次的本意不是来吃饭的，只是来验证情况的，点一两样意思意思就行了！”,三人的极力劝阻让菊斗罗稍微冷静了一些。,“行，那就再来个暮雪暖玉汤，最后来个碧血丹心酿。”,菊斗罗冷哼一声，总算停止了点菜。,“稍等。”,林枫慢悠悠地从摇椅上起身，穿上围裙，戴上厨师帽就要进入后厨。,也就是这个时候，胡列娜壮着胆子开口了：“那个…前辈，我们三个能不能也点一碗清汤面？”,她的声音带着小心翼翼的试探，生怕惹恼了这位神秘的店主。,胡列娜心里清楚得很，今天菊斗罗这架势，是非要闹事不可。,作为把菊斗罗引来的他们三人，恐怕以后再也不被允许进来吃饭了。
第6章 浪费食物的代价，你承受不起,一想到这里，胡列娜就难受得直抽抽。,这可是能直接提升魂力的神奇地方啊！错过了这个村，上哪找这个店去？,因此，她决定在彻底被拉黑之前，能多吃一顿是一顿。,邪月和焱也瞬间回过神来，连忙开口附和。,“对对对！我们也想点三碗清汤面！”焱捂着还在隐隐作痛的肚子，语气里带着明显的渴望。,“前辈，求求您了！”邪月更是直接躬身行礼，态度要多诚恳有多诚恳。,然而面对三人的点餐请求，林枫只是摇了摇头。,见此情景，胡列娜三人的心瞬间凉了半截。,完了！,他们以为对方现在就不允许他们再来吃饭了，三人瞬间心如死灰。,或许是在菊斗罗那庞大消费数额之下，林枫可能根本就看不上他们这三百金魂币的小生意。,三人面如死灰，脸上写满了绝望。,早知如此，他们干嘛要把这事儿告诉菊斗罗，自己默默的吃饭升级不香吗？,胡列娜更是险些哭出声来，她感觉一条充满光明的康庄大道，就要因为今天的事情彻底断送了。,不过下一秒，林枫的话就让他们重新燃起希望。,“通常情况下，一个人一天只能在我这里吃一顿饭。”林枫的语调依然慵懒，但听在三人耳中却是天籁之音。“你们要是还想吃，那就明天再来吧。”,说到这里，林枫的声音顿了顿，淡淡补充道：“只要是我店里的顾客，没有高低贵贱之分，只有先来后到，无论消费多少皆是如此。”,
第6章 浪费食物的代价，你承受不起,听到这话，胡列娜三人差点没激动得跳起来。,原来不是不让他们吃，而是店里的规矩如此！,“太好了！“焱激动得一挥拳头，结果牵动了伤口，疼得他龇牙咧嘴。,胡列娜眼眶都红了，感动得稀里哗啦：“前辈您真的太好了！“,邪月也长舒一口气，紧绷的神经终于放松下来。,一旁的菊斗罗看着这三个小崽子的反应，嘴角抽了抽。,至于嘛？不就是一碗破面条，感动成这样？,不过他很快就把注意力转回到林枫身上，撇嘴道：“行了，别在那装好人了，赶紧做菜吧！“,林枫瞥了菊斗罗一眼，也没有理会他的挑衅，只是嘴角勾起一个古怪的笑容，转身走进厨房。,菊斗罗坐在椅子上，双臂抱胸，一副等着看好戏的模样。,他已经想好了，等会儿那小子端菜上来，他就找茬说菜品质量有问题，然后拒绝付款，看对方能把他怎么样。,,,,,,,
第7章 这么说，你想吃霸王餐咯？,刚才林枫突然补上的那一句不是因为别的，正是担心胡列娜他们误会。,毕竟要是传出去他会优先接待大客户，而无视小客户的话，名声可是会变差的！,虽然菊斗罗这种封号斗罗级别的客户确实让他激动，但这些小韭菜的基数无比庞大，也是不可忽视的收入来源。,再说了，这些小韭菜又不是永远都是小韭菜，他们在自己的店里消费，成长速度绝对会像坐火箭一样快！,他们很快就能成长到魂帝，魂圣级别的大韭菜，解锁更高级菜单，那消费能力也会大大增长，那才是真正的财源滚滚！,所以这种看似公平实则精明的表态，既维护了店铺的形象，又稳住了所有客户的心。林枫暗自为自己的商业头脑点赞，这波操作简直完美！,......,厨房里传来锅碗瓢盆的碰撞声，还有那诱人的香味越来越浓。,别说胡列娜他们，就连菊斗罗闻着这香味都默默咽了口口水。,他连忙摇摇头，把这念头甩出脑海。,这肯定是幻术！绝对是幻术！,作为封号斗罗，他可不能被这种小把戏给迷惑了。,不过说归说，那股香味实在是太诱人了，就算明知道是幻术，闻着也让人食指大动。,菊斗罗暗暗咬牙，强迫自己不去在意那股香味。,没过多久，林枫就端着一个巨大的托盘走出来，上面摆满了菊斗罗刚才点的所有菜品。,云泽千丝银线面晶莹剔透，面条细如发丝却韧性十足。,琉璃心果沙拉色彩斑斓，每一颗果实都像宝石般闪闪发光。,炙烤雷犀肋排焦糖色的外皮散发着诱人光泽，肉香扑鼻。
第7章 这么说，你想吃霸王餐咯？,星辉斑斓雉更是造型精美，就像艺术品般让人不忍下口。,看到林枫这么快就做好了全部的菜，菊斗罗微微一愣。,“这么快？”,就算是武魂殿最好的食物系厨师，要做出这么多菜品也得费一番时间吧？,这家伙竟然几分钟就全部搞定了？,林枫没有理会他的疑问，只是将餐食一一摆好，淡淡留下一句：“慢用。”,然后就回到柜台后的摇椅上，重新闭目养神。,不过他心里确实有些嘲讽地想道：他都有美食系统了，做菜“快亿点”很合理吧？,系统直接提供食材，还能加速烹饪过程，要是这还做不快，那他这个穿越者也太废物了。,还好菊斗罗不是现代人，不然非得怀疑他上的是预制菜不可。,菊斗罗盯着面前这一桌子菜，眉头紧皱。,光从卖相上看，这些菜品确实精美到了极点，每一道都堪称艺术品。,可越是这样，他越觉得不对劲。,他先是拿起桌上的翡翠色酒壶，打开封口。,瞬间，浓郁的酒香瞬间弥漫整个餐馆。,这酒香不同于寻常的酒水，带着一种说不出的清香和甘甜，仿佛山间清泉与百花精华的完美融合。,胡列娜三人闻到酒香，口中瞬间分泌大量口水。焱忍不住舔了舔嘴唇，眼睛都直了：“这什么酒？光闻着就让人醉了！”,
第7章 这么说，你想吃霸王餐咯？,邪月和胡列娜也是如此，两人都不自觉地朝着酒壶的方向凑了凑，想要更仔细地品味这股香气。,菊斗罗更是眼神一亮，完全忘记了自己来这里的目的。刚才还在想着找茬的他，此刻却被这酒香彻底征服了。,他都顾不得将酒倒进杯子里，更顾不得什么封号斗罗的风度，而是就这么直接怼着酒壶狂饮一口。,“咕噜噜——”,清脆的吞咽声在安静的餐厅里格外明显。,菊斗罗放下酒壶，长长地舒了口气：“哈~好酒！”,随后，菊斗罗又夹起一筷子银线面，面条在灯光下泛着珍珠般的光泽，入口的瞬间，一种前所未有的层次感在舌尖爆发。,第一口是清淡的鲜甜，仿佛山泉水的纯净；第二口竟然是浓郁的肉香，像是经过数日慢炖的骨汤精华；第三口又变成了淡雅的花香，如同置身于春日花园。,菊斗罗瞪大眼睛，这面条怎么回事？每一口的味道都完全不同，但又和谐统一，就像是在品尝一部味觉交响曲。,之后他又逐一品尝了其他餐点，每一种都让他感到惊艳。,琉璃心果沙拉入口即化，,炙烤雷犀肋排外焦内嫩，,星辉斑斓雉的口感更是让他这个见过世面的封号斗罗都忍不住连连点头。,三小只在一旁眼巴巴的看着，一个劲的咽口水。,焱的眼睛死死盯着菊斗罗面前的雷犀肋排，那副想要扑上去抢食的表情要多可怜有多可怜。,胡列娜更是下意识地舔了舔嘴唇，小声嘀咕道：“菊爷爷吃得好香啊…”,邪月则是不断地吞咽着口水，喉结上下滚动，恨不得自己也能尝一口。,只可惜菊斗罗完全沉浸在美食里，哪还有心思注意他们的表现？
第7章 这么说，你想吃霸王餐咯？,等到菊斗罗感觉自己吃得差不多了，桌子上的餐品也不过才刚下去三分之一罢了。,“怎么会这样？“菊斗罗看着桌上剩余的大半食物，眉头紧皱。,要知道，魂师和普通人不一样，他们需要摄取大量的能量来从体内提取魂力。,一般来说，实力越强的魂师，饭量也该越大才是。像他这样的封号斗罗，别说是这几道菜了，就算是再翻一倍也能吃得下。,难不成那小子说的是真的？,就当菊斗罗疑惑之际，林枫的声音传入他的耳中。,“吃饱了？”,菊斗罗还在思考问题，没有反应过来，几乎是下意识的点了点头。,“一共是六万一千金魂币，谢谢惠顾。”,听到这个价格，菊斗罗眉头微微一挑，随后直接笑出声来。,“六万一千金魂币？”,菊斗罗的声音带着明显的嘲弄，“小子，你真以为本座是那种人傻钱多的冤大头？”,虽然他承认，林枫做的菜的确是他毕生吃过的最美味的饭菜，那种层次丰富的口感和香味确实让人回味无穷。,但是这个价格，简直就是在抢劫！,“味道不错，我承认。”,菊斗罗优雅地擦了擦嘴角，兰花指轻抚脸颊，“但想让本座为这点破菜付六万金魂币？做梦去吧！”,胡列娜三人在一旁看得心惊胆战，心里疯狂叫苦。,
第7章 这么说，你想吃霸王餐咯？,完了完了，菊爷爷这是要吃霸王餐啊！,焱更是欲哭无泪，菊长老你这是要把自己的后路全断了啊！,见到菊斗罗脸上那副理所当然的笑容，林枫单手托腮，眼神平静得像一潭死水。他慢悠悠地开口，声音里带着危险的意味。,“这么说，你是想吃霸王餐咯？”,菊斗罗刚要张嘴说出“没错，本座就是不给钱”这句话，结果下一秒，他就感觉到让他窒息的压力扑面而来！,,,,,,,,,,,,,
第8章 菊花，你胆子挺肥啊,感受到这股恐怖压力后，菊斗罗几乎是下意识地就要召唤出武魂抵抗。,奇茸通天菊！,然而让他惊恐的是，那朵平日里霸道绝伦的黄金菊花，此刻竟然连一丝花瓣都没能绽放出来。,完全没有反应！,就像是被某种无形的力量死死压制住了！,“这怎么可能！”,菊斗罗内心狂吼，冷汗瞬间打湿了后背。,他可是九十五级的超级斗罗啊！,在整个武魂殿，除了教皇比比东和大供奉千道流，还有谁能压制的他连武魂都释放不出来？,可眼前这个看起来二十出头的年轻人...,“轰！”,下一秒，更加恐怖的威压如泰山压顶般狠狠砸下。,菊斗罗只感觉双腿一软，整个人不受控制地跪了下去。,“咔嚓！”,双膝重重砸在木质地板上，巨大的冲击力直接让地板出现一道道蛛网般的裂痕。,“菊长老！”,胡列娜三人在一旁瑟瑟发抖。,他们本以为两人之间定会爆发一场大战，打得难舍难分那种！
第8章 菊花，你胆子挺肥啊,可结果到头来，堂堂武魂殿长老，九十五级菊斗罗，竟然被一个眼神压得跪倒在地？,这一幕的冲击力，比什么都要来得震撼！,“这位前辈到底是什么级别的强者？”焱用力的咽下一口唾沫，声音都在颤抖。,而林枫此时依然保持着那副淡然的表情，单手托腮，眼神平静得让人心慌。,他慢悠悠地开口，声音轻飘飘的，却让人感受到死亡的威胁。,“在我的地盘，吃我的饭，还想不给钱？”,“菊花，你胆子挺肥啊。“,菊花？,平日里若是有人敢这样带有侮辱性的称呼自己，菊斗罗一定会让他明白，为什么花儿这样红！,身为武魂殿长老，他的威严岂容他人践踏？,哪怕是面对上三宗宗主之一的宁风致，对方也得给他几分薄面。,但现在的他，别说教训对方了，甚至连站都站不起来，甚至随时都有可能被对方杀死！,他的额头冷汗直冒，豆大的汗珠顺着脸颊滴落在地板上。,那张平时妖娆魅惑的脸此刻变得煞白如纸，连嘴唇都在微微颤抖。,现在他才终于明白，胡列娜三人为什么会表现得那么恭敬了。,胡列娜三人在旁边看着这一幕，心脏都快跳到嗓子眼儿了。,焱的脸色青一阵白一阵，恨不得直接冲上去给菊斗罗来个大嘴巴子。,
第8章 菊花，你胆子挺肥啊,你说你好端端的跑来装什么大爷？现在好了，把自己都搭进去了！,邪月和胡列娜更是紧张得手心冒汗，生怕林枫真的一个不高兴，直接把菊斗罗给咔嚓了。,可他们也不敢上前为菊斗罗求情。,毕竟他们对自己小卡拉米的身份认知还是很清楚的。,要是贸然上前求情，说不定都得死在菊斗罗前头！,场面就这么僵持着。,菊斗罗跪在地上瑟瑟发抖，冷汗把衣裳都打湿了。,林枫坐在摇椅上，表情淡漠得让人心慌。,这诡异的氛围让整个饭店都充满了压抑感。,而此时的林枫，心里却已经开始吐槽了。,他奶奶的，我警告你就是为了让你乖乖付钱，怎么这都不懂呢？,还有旁边这三根小韭菜也是，就不知道开口提醒菊斗罗一下？,我都演得这么明显了，你们还在那里装木头！,林枫在心里疯狂咆哮，可表面上依然保持着淡定。,没办法，人设不能崩啊！,他轻咳一声，再次开口。,“月关，我再问你一次。”,声音依然淡漠，却带着不容置疑的威严。
第8章 菊花，你胆子挺肥啊,“你是想吃霸王餐吗？”,这话说得已经相当明白了，就差直接告诉菊斗罗“赶紧掏钱”了。,菊斗罗哆嗦着嘴唇，终于反应过来。,对啊！,他和这位神秘前辈的冲突，不就是因为一顿饭钱引起的吗？,六万一千金魂币。,贵（跪）吗？,一点都不贵！,在生命面前，钱算个什么东西？,别说六万，就算是六十万，只要能保住小命，他菊斗罗眼都不眨一下！,“不……不敢！在下这就买单。”,菊斗罗的声音颤抖得跟筛糠似的，右手朝着左手手腕上的储物魂导器探去，准备取钱。,可这手抖得就跟帕金森晚期似的。,也不知道是太紧张了，还是被压制得魂力运转都不顺畅。,哆哆嗦嗦半天，愣是一个金魂币都没拿出来。,焦急之下，菊斗罗直接一把扯下手腕上的储物魂导器，“啪”的一声扔到胡列娜脚边。,“娜娜，你去帮我付钱！”,
第8章 菊花，你胆子挺肥啊,胡列娜看着地上金光闪闪的储物魂导器，愣了两秒才反应过来。,她蹲下身子，小心翼翼地捡起来。,“六万一千金魂币…”,胡列娜喃喃自语着，开始往外掏钱。,一枚，两枚，三枚…,见到这一幕，菊斗罗那个急啊！,都什么时候了，这丫头还在那里一枚一枚的数？,他现在感觉每一秒都像过了一年，那股压在身上的威压让他连呼吸都困难。,“娜娜！”,菊斗罗嗓子都喊哑的跟个被攥住脖子的老公鸡似的。,“你直接把里面所有的金魂币全给前辈便是！别数了！”,胡列娜这才如梦初醒，连忙跑到柜台前。,她将储物魂导器所有的财富一股脑的“倒”了出来。,哗啦啦！,金灿灿的金魂币瞬间堆了一桌子！,除了金魂币，还有各种价值不菲的宝石，翡翠，甚至还有几张金额巨大的金卡。,那堆金币在灯光下闪闪发光，简直像个小金山。,焱和邑月看得眼睛都直了。
第8章 菊花，你胆子挺肥啊,好家伙，菊长老真有钱啊！,林枫看着桌上这堆财宝，眉毛微微挑了挑。,这么多金魂币，能换多少积分啊？,但可惜，他只能收取自己应有的报酬。,不过表面上，他依然保持着那副云淡风轻的模样瞥了那金币山一眼，并默念道：,“系统，收钱。”,下个瞬间，柜台上那堆金光闪闪的金魂币就像被无形的手抓走了一样，瞬间少了一大截。,六万一千枚金魂币，不多不少，刚好消失得无影无踪。,剩下的那些金币和宝石依然安安静静地躺在桌上，一动不动。,胡列娜瞪大眼睛，下意识地揉了揉眼睛。,“这…这是什么手段？”,菊斗罗跪在地上，看到这神奇的一幕，内心的震撼更是无以复加。,这种精准的控制力，简直超出了他的认知范围！,而林枫此时却淡淡地摆了摆手，“我只是个开饭店的，又不是抢钱的。”,“诚信是最基本的。“,看着桌上剩余的那堆金币和各种宝石，林枫眸子里闪过一丝小小的遗憾。,这么多钱就在眼前，却不能全部收下兑换成积分，实在是有点可惜呢。,
第8章 菊花，你胆子挺肥啊,不过身为一个有原则的老板，该收多少就收多少，多一个子儿都不要。,这就是所谓的饭店职业操守！,随后，林枫轻轻打了个响指。,瞬间，那股压在菊斗罗身上的恐怖威压消失得无影无踪。,“多谢前辈手下留情！”,菊斗罗连忙从地上爬起来，对着林枫深深鞠了一躬。,可是林枫下一句话，又让刚认为逃过一劫的菊斗罗头皮一麻。,“现在霸王餐的事情结束了，现在我们就来谈谈浪费食物的事情吧？”,,,,,,,,,,
第9章 菊斗罗：死嘴，快吃啊！,听到“浪费食物”四个字，菊斗罗的脸色瞬间又白了几分。,他机械般地转过头，看向桌子上那些还剩下一大半的精美餐食。,云泽千丝银线面只吃了半碗，琉璃心果沙拉基本没动，炙烤雷犀肋排还剩大半……,“我…我…这…”,菊斗罗的嘴唇开始哆嗦，想要开口解释，却发现自己连一句完整的话都说不出来。,“我…我…这…”,林枫慢悠悠地从摇椅上坐起身，目光扫过桌上的剩菜。,“我好像已经说过了吧？”,他的声音依然慵懒，但其中透出的冷意却让整个餐厅的温度都下降了几度。,“这里不允许浪费食物。”,“而且浪费食物的代价，你承受不起。”,虽然这一次菊斗罗没有感受到任何威压，但光是林枫话语中的冷意，就足以让他亡魂大冒。,胡列娜三人在一旁看得胆战心惊，心想菊长老这次不会真的要凉凉了把？,菊斗罗感受到那股无形的压迫感，几乎是瞬间做出了决定。,他以前所未有的速度冲回座位，双手并用，开始大口大口地往嘴里扒拉着饭菜。,“唔唔唔！”,明明刚才还说吃饱了，现在却疯狂地往嘴里塞东西。,那副狼吞虎咽的样子，活像个三天没吃饭的乞丐。
第9章 菊斗罗：死嘴，快吃啊！,云泽千丝银线面被他一口气吸了一大团，腮帮子鼓得像河豚。,琉璃心果沙拉更是直接用手抓着往嘴里塞，完全顾不上什么优雅姿态。,他这姿态看的三小只眼神抽搐不已。,菊斗罗完全顾不上他们的眼光，现在他脑子里只有一个念头：,死嘴！快吃啊！,然真的会死人的！,十分钟后，菊斗罗的脸已经绿了。,他瘫坐在椅子上，双手捂着肚子，嘴里发出痛苦的呻吟声。,“呜呜呜…”,那副模样别提多狼狈了。,更要命的是，桌子上居然还有四分之一的食物没有吃完！,“不行了…真的不行了…”,菊斗罗眼神涣散，感觉自己的肚子马上就要爆了。,他从来没想过，有一天自己会被撑死在一家饭店里。,这要是传出去，他菊斗罗的脸往哪搁？,就在这时，他无意间瞥见了旁边的胡列娜三人。,这三个小家伙正眼巴巴地盯着桌上的剩菜，口水都快流成河了。,
第9章 菊斗罗：死嘴，快吃啊！,焱更是夸张，直接趴在桌子边上，鼻子凑得老近，使劲嗅着那诱人的香味。,“香…太香了…”,胡列娜也好不到哪去，小舌头不停地舔着嘴唇，眼神里写满了渴望。,邪月虽然表现得稍微矜持一些，但那拼命咽口水的动作还是出卖了他。,看到这一幕，菊斗罗眼神瞬间一亮！,对啊！,他怎么把这三个小家伙给忘了？,他们三个的肚子肯定有空余，更何况看他们这副馋猫的模样，肯定巴不得上来帮忙消灭剩菜！,“你们…”,菊斗罗刚要开口，却被林枫那懒洋洋的声音打断了。,“别想了。”,“他们等级不够，没资格享用九级美食。”,“你只能自己吃完。”,这句话就像一盆冷水浇在菊斗罗头上，瞬间把他的希望浇灭了。,“什么？！”,菊斗罗瞪大眼睛，简直不敢相信自己的耳朵。,“前辈，您就通融一下吧！”,“我真的吃不下了！再吃真的要死人了！”
第9章 菊斗罗：死嘴，快吃啊！,林枫这才慢悠悠地睁开眼睛，淡淡地瞥了他一眼。,“我这里的规矩就是这样，没有例外。”,“跨级享用？想都别想。”,胡列娜三人听到这话，心里也是一阵失望。,本来还以为能蹭个饭呢，结果连这个机会都没有。,“可是…可是我真的吃不下了啊！”,菊斗罗快要哭出来了。,没办法，菊斗罗只好拼着肚子被涨破的风险，继续往肚子里强塞食物。,“呜呜呜…”,菊斗罗的脸色已经从白变青，从青变绿，又从绿变紫。,他双手颤抖着夹起最后一块雷犀肋排，那块肉在他眼中已经不是美食，而是催命符。,林枫在一旁慵懒地托着下巴，看着菊斗罗这副狼狈样，心里偷着乐。,不过表面上，她依然保持着那副云淡风轻的姿态。,“吃完了？”,林枫的声音轻飘飘的，但听在菊斗罗耳中却宛如天籁。,”吃...吃完了...”,菊斗罗撑得像只蛤蟆，瘫坐在椅子上，双手捧着肚子，脸色紫得发黑。,
第9章 菊斗罗：死嘴，快吃啊！,那张平时妖娆魅惑的脸此刻扭曲得不成人形，眼神涣散，嘴角还挂着一丝残渣。,“我...我死了...真的要死了...”,菊斗罗扶着桌沿颤颤巍巍地站起身，每一个动作都像是在和自己的胃作斗争。,“焱，邪月，扶我一下。”,他的声音虚弱得让人不忍直视，完全没有了刚进门时那副高高在上的封号斗罗气势。,焱和邪月连忙上前，一左一右搀扶着菊斗罗。,可就在三人挪到门口的时候，身后传来了林枫慵懒的声音。,“别走。”,这两个字让菊斗罗的身体瞬间僵硬如石。,他缓缓转过头，脸上的表情要多苦逼有多苦逼。,“前…前辈，您还有什么吩咐？”,菊斗罗的声音都带上了哭腔。,这位活阎王还要干什么？,难道还嫌他受的罪不够吗？,林枫慢悠悠地从摇椅上站起身，“给你抽个奖。”,“抽奖？”,菊斗罗愣了一下，随即眼神瞬间亮了起来。,对啊！他把这茬给忘了！
第9章 菊斗罗：死嘴，快吃啊！,胡列娜他们不是说过吗，在这里吃饭是有抽奖环节的！,虽然被坑了六万多金魂币，还差点把自己撑死，但如果能抽到什么好东西，那也算值了吧？,林枫看向系统面板。,【消费:61000金魂币。】,【系统评价：可以称得上是一颗非常优质的韭菜，可以给予相对较好的奖励。】,【随机奖励：仙品药草奇茸通天菊。】,【宿主奖励：美食积分6100。】,【叮！恭喜宿主，触发小概率奖励暴击反馈。此次暴击倍数为10，随机仙品药草*10已经存入系统空间。】,见此，林枫眼神一亮，心想运气真好，第二次开张就触发这种小概率事件。,可他嘴角刚要勾起，结果下一秒，系统面板上又重新出现一行字体。,【但是，顾客因有吃霸王餐的嫌疑，外加强行吃下美食，完全没有做到享受食物的宗旨。】,【本系统最讨厌的就是这种不知好歹的杂鱼！现在还想拿奖励？做梦呢！】,【临时修改宿主只能拿到原本积分的十分之一，且顾客这次的抽奖奖励不予下发！】,【宿主积分修正：610】,眼睁睁的看着自己的积分缩水了十倍，林枫的表情瞬间就黑了下去。,,,
第10章 煮熟的鸭子飞了，菊斗罗心态崩了,看着系统面板上那个少了一个零的积分，林枫差点没当场裂开。,“我的积分呢？”,林枫在心中疯狂咆哮。,“我那么多的积分呢？”,从6100直接缩水到610，这尼玛直接少了十倍啊！,明明刚才还美滋滋地想着终于遇到一个大客户，结果转眼就被自家系统给坑了。,“系统你说扣就给扣了？咱能不能打个商量，只扣一半行不行？”,林枫在心里和系统讨价还价，完全没有在菊斗罗面前那副高深莫测的样子。,然而，系统的回应却是毫不留情。,【不行！而且不仅这次的积分缩水，以后如果还有韭菜违反规定，也一样会克扣杂鱼宿主的积分。】,【所以杂鱼宿主要尽可能的保证这种情况不会发生。】,系统的声音里满满都是嫌弃。,闻言，林枫那叫一个心痛啊！,如果早就知道会有扣积分这一说，他说什么也要一开始就震慑住菊斗罗。,林枫在心里哀嚎着，这种感觉就像是辛辛苦苦攒了一万块钱，准备去好好潇洒一把。,结果还没开始享受就丢了九千，任谁遇到这种事都觉得糟心。,似乎是察觉到了林枫的凄凉的心情，系统倒也是体贴的开口安慰了一句。,【这次发生这种事倒也未必全是坏事。】
第10章 煮熟的鸭子飞了，菊斗罗心态崩了,【请杂鱼宿主想想，通过这次对低素质韭菜的震慑，相信以后的韭菜们再也不敢违反规定了，也算是一劳永逸。】,听到系统这么说，林枫心里总算是稍微好受了一点点。,但就算是这样，林枫也决定，自己的心情不好，那菊斗罗今晚也别想有个好心情！,积分被扣得差不多了，那就让这朵菊花也尝尝什么叫做失而复得的痛苦！,想到这里，林枫嘴角勾起一抹恶趣味的笑容。,他慢悠悠地抬起右手，食指轻点虚空，表情淡漠得让人捉摸不透。,“你的运气不错，抽中大奖了。”,“大奖？！”,菊斗罗瞪大眼睛，那张被撑得发紫的脸瞬间涌上一抹潮红。,大奖啊！,胡列娜他们只是吃了碗清汤面就能提升魂力，他消费六万多金魂币，抽到的大奖该有多珍贵？,“是一株仙草，名为奇茸通天菊。”,听到这个名字，菊斗罗先是一愣，随即整个人都僵住了。,奇茸通天菊？,反应过来的菊斗罗眼睛瞪得老大。,奇茸通天菊！那可是和他武魂同根同源的仙草啊！,这株仙草对于其他人来说或许只是一株珍贵的药草，但对他菊斗罗来说，那简直就是命中注定的造化！,
第10章 煮熟的鸭子飞了，菊斗罗心态崩了,难不成现在这株仙草就在这位前辈手中？菊斗罗双眼死死盯着林枫，心脏砰砰直跳。,“前辈，您说的是…奇茸通天菊？您有奇茸通天菊？”,他的声音有些颤抖，带着不敢置信的惊喜。,要知道那可是仙品药草！他在大陆苦寻多年，也从未发现过这株仙草的消息。,如果真的能得到这株仙草，那他的实力必定能再上一层楼！,林枫淡淡点头，右手光芒一闪，掌中立刻出现了一株通体金黄的奇异菊花。,这株菊花和菊斗罗平时召唤出来的武魂外形一模一样，可不正是他梦寐以求的奇茸通天菊？,“这...这真的是奇茸通天菊！“,见到奇茸通天菊的那一刻，菊斗罗整个人都激动得颤抖起来。,他的双手不由自主地伸向前方，想要触碰这株梦寐以求的仙草。,胡列娜三人看着菊斗罗这副失态的模样，都被震撼得说不出话来。,要知道，平时的菊斗罗虽然妖娆，但作为封号斗罗，还是很有威严的。,可现在他就像个得到心爱玩具的孩子，感觉要不是肚子还涨的厉害，他都有可能原地激动得原地跳舞！,“菊长老，这株仙草很珍贵吗？“焱小声问道。,“珍贵？“菊斗罗虽然是在回答焱的问题，但是他狂热的眼神依旧死死粘在林枫手中的仙草上。,“焱啊，你知道这意味着什么吗？“,“这株奇茸通天菊，如果我能炼化它，不仅会突破困我多年的瓶颈，连武魂都能得到进化！“,“九十六级！九十七级！甚至九十九级都有可能！“
第10章 煮熟的鸭子飞了，菊斗罗心态崩了,听到这话，胡列娜三人齐齐倒抽一口冷气。,九十九级啊！,据说在整个武魂殿，也就只有大供奉千道流是这个境界！,可林枫却淡淡摆手，制止了他的动作。,心想你谢个屁！今天你要是能拿到奇茸通天菊，我林枫的名字倒过来写好吧？,随后，他控制着奇茸通天菊，慢慢的朝着菊斗罗飘去。,眼见奇茸通天菊朝着自己缓缓飘来，菊斗罗激动得浑身发抖。,他小心翼翼地伸出双手，生怕一个不小心损坏了这株无价之宝。,近了，更近了！,菊斗罗甚至能感受到奇茸通天菊散发出来的温和能量。,可就在他的指尖即将触碰到仙草的刹那，意外发生了！,奇茸通天菊突然像被什么力量拉扯一样，嗖的一声又快速飞回林枫手中！,“什么？！“,菊斗罗瞪大眼睛，看着自己空空如也的双手，整个人都懵了。,“前辈，这是...这是怎么回事？“,菊斗罗的声音带着明显的慌张和不解。,明明刚才还说抽中了大奖，怎么转眼就把仙草收回去了？,
第10章 煮熟的鸭子飞了，菊斗罗心态崩了,t他一抬头就看到，林枫正慢条斯理地把玩着手中的奇茸通天菊。,“前辈！您这是...“菊斗罗的声音都快哭出来了。,林枫淡淡瞥了菊斗罗一眼，嘴角勾起一抹玩味的笑容。,“你还好意思问？“,他的声音依然慵懒，但其中蕴含的讥讽却让菊斗罗心中一突。,“原本按照规矩，你在我这里吃饭抽奖，这株奇茸通天菊确实应该奖励给你。“,听到这话，菊斗罗眼中重新燃起希望的光芒。,可下一秒，林枫话锋一转。,“但是！“,这两个字就像一盆冷水，瞬间把菊斗罗浇了个透心凉。,“你先是想吃霸王餐，这已经违反了我店里的基本规矩。“,林枫慢悠悠地数着菊斗罗的“罪状“，手中的奇茸通天菊在指尖轻舞。,“然后，我明明提醒过你不要点太多，免得浪费食物，你偏不听。“,“最后，你虽然把菜吃完了，但那叫享用美食吗？“,林枫的眼神冷了下来。,“那叫牛嚼牡丹！暴殄天物！“,“你把我精心烹制的佳肴当成什么了？猪食吗？“,菊斗罗被说得一愣一愣的，张嘴想要辩解，却发现自己根本无话可说。
第10章 煮熟的鸭子飞了，菊斗罗心态崩了,“所以说...“林枫把奇茸通天菊举到眼前，轻轻嗅了嗅。,“你的表现让我很不满意。“,“这份奖励，没收了。“,说着，林枫右手一握，那株金灿灿的奇茸通天菊瞬间消失得无影无踪。,,,,,,,,,,,,,,
第11章 菊斗罗痛哭，喜提观察名单,看着奇茸通天菊在林枫手中消失得无影无踪，菊斗罗整个人瞬间石化了。,他僵立在原地，瞪大的眼睛里写满了不敢置信，就像被雷劈中了一样。,“没…没收了？”,菊斗罗的声音微弱得几乎听不见，脸色也是瞬间变得惨白如纸。,下一秒，仙草消失的现实终于击溃了他的心理防线。,“啊啊啊啊！”,一声撕心裂肺的惨叫从菊斗罗嘴里爆发出来，那声音凄厉得让胡列娜三人都忍不住打了个寒颤。,“我的奇茸通天菊！我的奇茸通天菊啊！”,菊斗罗的声音都变调了，带着浓浓的哭腔。,他双腿一软，直接跪倒在地上，眼眶瞬间就红了。,“前辈！前辈您开恩啊！”,菊斗罗哭得那叫一个梨花带雨，鼻涕眼泪糊了一脸。,哪还有半分封号斗罗的威严？,活脱脱就是个被夺走心爱玩具的熊孩子。,“我错了！我真的知道错了！”,“我不该想吃霸王餐！我不该不听您的劝告！我更不该糟蹋您的美食！”,“求求您！求求您把奇茸通天菊给我吧！”,胡列娜呆愣愣的看着这一幕，久久没有反应过来。
第11章 菊斗罗痛哭，喜提观察名单,焱和邪月也是面面相觑，两人都从对方眼中看到了震撼。,“菊长老这是…彻底破防了？”,“废话！换你你不破防？”,邪月小声回道：“那可是能让封号斗罗突破的仙草啊！眼睁睁看着到手的大机缘飞了，谁受得了？”,菊斗罗还在那里哭天抢地：,“前辈，我保证！我发誓！我以性命起誓，以后绝对不会再犯这种错误了！”,“您就原谅我这一次吧！”,“我愿意补偿！我可以加钱！我愿意出双倍的价格！不，十倍都行！”,说着，菊斗罗又从地上爬起来，颤抖着双手想要掏储物魂导器。,看着菊斗罗这副狼狈样，林枫心里的不快瞬间就被驱散好多。,让你丫的想吃霸王餐！,让你丫的不听劝告！,现在知道后悔了吧？,不过表面上，林枫依然保持着那副淡漠的姿态。,他慢悠悠地摆了摆手：,“别浪费时间了。”,“我这里的规矩就是这样，违规者不配得到奖励。”,
第11章 菊斗罗痛哭，喜提观察名单,“不管你出多少钱都没用。”,听到这话，菊斗罗眼中最后一丝希望也彻底破灭了。,他瘫坐在地上，双眼无神地盯着天花板，整个人就像失了魂似的。,就在菊斗罗绝望地瘫坐在地上时，旁边传来了一个欠揍的声音。,“菊长老，早知今日，何必当初啊。”,焱那张大脸上写满了“我早就说过”的表情，“我们一开始就让您别冲动，老老实实吃饭抽奖多好，早就拿到仙草了。”,这话一出，就像一根钢针直接戳进菊斗罗的心窝子里。,“对啊！我为什么不听他们的话！”菊斗罗猛地反应过来，懊恼得直接给了自己一个大嘴巴子。,啪！,清脆的响声在安静的店里格外刺耳。,“我怎么这么蠢！这么蠢啊！”菊斗罗边拍边骂自己，那张妖娆的脸被自己抽得通红。,胡列娜和邪月看得眼皮直跳，这位平时高高在上的封号斗罗，现在活脱脱就是个后悔到想撞墙的憨憨。,“如果我一开始就老老实实地进来吃饭，哪会有这些破事？”,菊斗罗越想越后悔，恨不得穿越回一个小时前给自己来一个大比兜。,“奇茸通天菊啊，我的奇茸通天菊…”,就在这时，林枫的声音再次响起，语气依然淡漠得让人心慌。,“月关。“,听到林枫叫自己的名字，菊斗罗浑身一个激灵，连忙抬起头。
第11章 菊斗罗痛哭，喜提观察名单,“前...前辈，您还有什么吩咐？“,林枫慢悠悠躺回摇椅上，慵懒的伸个懒腰。,“鉴于你今天的表现，我决定把你列入观察名单。“,菊斗罗愣愣地看着林枫，脑袋有些转不过弯。,“前辈，什么是观察名单？”,林枫半眯着眼睛，语气懒洋洋的：“顾名思义，就是重点观察名单。”,“你今天的表现很差，差到我都不想理你。”,“但考虑到你毕竟初次犯错，我勉强给你一个机会。”,听到这话，菊斗罗眼中瞬间燃起希望的火苗。,“前辈！您的意思是…”,林枫打了个哈欠，慢条斯理地继续说道：“观察期三个月。”,“这三个月内，你要是敢再犯同样的错误…”,他停顿了一下，眼神突然变得危险起来。,“直接拉黑，永远不许进店。”,这话就像晴天霹雳，把菊斗罗劈得外焦内嫩。,永远不许进店？,那不就意味着他再也没有机会得到仙草了？,
第11章 菊斗罗痛哭，喜提观察名单,“前辈！我保证！我发誓！”菊斗罗激动得差点又要跪下，“我绝对不会再犯这种错误！”,“以武魂起誓！以生命起誓！”,焱在一旁撇撇嘴：“菊长老，您刚才也是这么发誓的。”,菊斗罗瞬间炸毛：“你个臭小子！到现在还在那里说风凉话！”,“要不是你们三个小兔崽子非要拉我来验证什么，我能遇到这种事？”,胡列娜小声嘀咕：“明明是您自己不听劝…”,“你说什么？！”,“没…没说什么…”,眼看这几人要在自己店里吵起来，林枫轻咳一声。,瞬间，整个店铺安静得落针可闻。,看着几人安静下来，林枫满意地点点头。,他抬头看了眼墙上的钟表，懒散开口。,“行了，今天的营业时间结束了。”,林枫打了哈气，眼神扫过店内几人。,“都回去吧，先吃饭明天再来。”,菊斗罗听到这话，整个人都有些惴惴不安。,他刚被列入观察名单，不知道这三个月还能不能进来吃饭。,“前辈，那我明天…”
第11章 菊斗罗痛哭，喜提观察名单,“明天想来就来，不想来就别来。”,林枫淡淡的瞥了他一眼，语气里满是嫌弃。,“反正我的店里也不差你这么一个不听话的顾客。”,菊斗罗松了口气，连忙点头哈腰。,“是是是，前辈说得对！前辈您好好休息！”,等到菊斗罗被焱和邪月搀扶着走出门外的时候，月光已经洒满了整条街道。,“菊长老，您还好吗？”胡列娜关切地问道。,“好？好个屁！”菊斗罗欲哭无泪，“我这辈子都没这么撑过！”,就在这时，菊斗罗突然想起什么，猛地转过头。,“等等！”他急急忙忙挣脱焱和邪月的搀扶，踉跄着往回走。“我们还没请教那位前辈的尊姓大名呢！”,然而就在菊斗罗回头的瞬间，他们刚好看到林枫在店内随意一挥手，店门便自动合上的一幕。,更让人震撼的是，一句话清清楚楚地回荡在几人的耳边。,“我名林枫，不过是个普通的饭店老板罢了。”,,,,,
第12章 只要钱给够，长老没出糗,“我名林枫，不过是个普通的饭店老板罢了。”,听到这句话的菊斗罗眼角抽搐个不停。,普通？,普通的饭店老板？,你管这叫普通？,菊斗罗在心里疯狂吐槽。,这位前辈虽然实力强大且出手阔绰，但貌似很喜欢开玩笑啊。,他那如果算普通的饭店老板，那像他这样的封号斗罗算什么？,垃圾吗？,菊斗罗想想刚才被压得连武魂都召唤不出来的场景，心里就一阵发憷。,“菊长老，咱们现在怎么办？“,直到焱小声的在旁边问了句，菊斗罗这才回过神来。,他摸了摸还在发胀的肚子，想起刚才那株奇茸通天菊在眼前消失的画面，心里就跟猫挠似的难受。,“还能怎么办？林前辈都关门了，我们总不能在这里傻站着吧。“,菊斗罗一边说着，一边小心翼翼地瞄了眼紧闭的店门。,万一那位神秘莫测的林前辈觉得他们在门口杵着碍眼，再给他来个惩罚，那可就真的完蛋了。,“走走走，赶紧离开这里。“菊斗罗催促道，“免得惹得林前辈不喜。“,四人刚走出几步，菊斗罗突然停下脚步。
第12章 只要钱给够，长老没出糗,他想到自己刚才在林枫面前的种种丢脸表现全被三人看到，心里那个不得劲啊。,从吃霸王餐到被压制跪地，再到最后撑得像个河豚一样狼吞虎咽，简直把封号斗罗的脸面丢得一干二净。,“咳咳！”菊斗罗清了清嗓子，恢复了几分威严。“话说回来，你们三个小家伙，这次可是立了大功了。”,“嗯？”黄金一代三人组都是下意识的转头看向菊斗罗。,菊斗罗笑了笑，“是谁最先发现了这家神奇的饭店？是谁第一时间回武魂殿汇报？”,焱挠挠头：“那自然是我们！”,“没错！”菊斗罗点头，兰花指轻抚下巴。,“虽然本座今天的经历…咳咳…稍有波折，但不可否认的是，你们确实为武魂殿发现了一个天大的机缘！”,三人眼神一亮。,对啊！,刚才他们都被那位林前辈的实力震惊，倒是把自己立了功这事儿给忘了。,“菊长老的意思是…”,“当首功！”菊斗罗斩钉截铁地说道。“这件事我会亲自向教皇冕下禀报，为你们三个请功！”,说着，菊斗罗从储物魂导器中掏出三张金卡。“不过眼下教皇冕下还在闭关，在那之前，本座先给你们点实际的奖励。”,三张金卡在月光下闪着诱人的光泽，每一张上面都清楚地标着“贰拾万“的字样。,“卧槽！“焱眼珠子都快瞪出来了。“菊长老，这是...“,“二十万金魂币！“菊斗罗豪气干云地一挥手。“每人一张，就当本座的私人奖赏！“,
第12章 只要钱给够，长老没出糗,“菊爷爷，这太贵重了…”,胡列娜的小手都在颤抖，但是收起金卡的动作却比谁都快。,啪！,金卡瞬间消失在她的储物魂导器中。,邪月和焱也是如此，嘴上说着客套话，手上的动作却一点都不含糊。,焱更是夸张，直接把金卡贴在脸上蹭了蹭：“这手感，这质感，这就是二十万的味道啊！”,菊斗罗看着三人这副财迷样，嘴角抽了抽。,倒不是说他们贪财，而是这些金魂币确实是他们现在最需要的东西。,在枫染亭出现后，吃饭抽奖才是快速变强的最好途径！,那简直要比自己修炼快上百倍！,但这一切的前提是，有足够的金魂币去枫染亭消费。,对黄金一代的小金库来说，他们短时间内去消费倒是不成问题。,时间一长可就真的吃不消了。,更何况随着实力越强，菜品也就越贵。,而菊斗罗奖赏的这二十万金魂币，足够让他们现阶段很长一段时间不用为钱发愁了！,“行了行了，你们几个小财迷。”,菊斗罗收起笑脸，眼神重新变得锐利起来。,“明天，我会把枫染亭的事情告诉其他长老，并邀请他们一起来用餐。”
第12章 只要钱给够，长老没出糗,菊斗罗这话一出，胡列娜三人立刻眼前一亮。,这可是个绝好的机会啊！,武魂殿那些长老们，哪个不是封号斗罗级别的大佬？,要是他们都成了枫染亭的常客，那岂不是意味着武魂殿的整体实力会在短时间内突飞猛进？,想想看，一群九十多级的封号斗罗天天去泡饭店，然后一个个都靠抽奖突破到九十九级…,那画面简直太美，不敢想象！,邪月兴奋的直搓手：“到时候，我们武魂殿的实力将会达到难以想象的高度，就算是上三宗，与两大帝国一起联手，也绝不是武魂殿的对手！”,也就是这时，焱突然想到了什么，小心翼翼地开口问道：,“菊长老，我有个问题…”,“什么问题？”,焱挠挠头，神情有些忐忑：“那万一其他长老也和您一样，踢到铁板之前死活不相信呢？”,话音刚落，菊斗罗的脸色瞬间就黑了下去。,他恶狠狠地瞪了焱一眼，那眼神如果能杀人的话，焱早就被千刀万剐了。,焱被这一瞪，立马闭嘴了。,自己这张破嘴，怎么老是说错话呢？,也还好菊斗罗并没有真的跟他较真。,“你们放心，本座自然会给他们解释清楚的。”,
第12章 只要钱给够，长老没出糗,说到这里，他脸上的表情瞬间变得严肃起来。,“另外，还有一件非常重要的事情。”菊斗罗的声音压得很低，带着不容质疑的威严。,三小只也察觉到了气氛变化，也是换上严肃的神色。,“菊长老，您请吩咐！”,菊斗罗环顾四周，确认没有外人后，这才凑近三人。,“今天在枫染亭发生的事情，特别是本座的…某些表现，绝对不能传出去！”,“尤其是......尤其是在林枫前辈展现出实力之后的，一个字都不许说出去！”,说到这里，菊斗罗的脸都绿了。,堂堂九十五级封号斗罗，武魂殿长老，居然在一个小饭店里丢脸丢到姥姥家。,要是这事儿传出去，他菊斗罗还怎么在武魂殿混？,三人愣了一下，随即瞬间明白了菊斗罗的意思。,感情这二十万金魂币，名义上是私人奖赏，实际上却是封口费啊！,焱的表情瞬间就变得精彩起来：“菊长老，您是说…”,不过还不等他把话说完，身旁的邪月就用胳膊肘狠狠的肘了他一下，并故作疑惑道：,“菊长老，您刚才在店里的表现？什么表现？我怎么不记得了？”,胡列娜也是天真的眨了眨眼睛：“对啊，我也想不起来了。我只记得您在里面优雅地用餐，然后抽到了大奖。”,直到这时，直性子的焱总算是反应过来：“菊长老，您今天表现得很威严啊，哪有什么不妥的地方？”,听到三人这么说，菊斗罗脸上的阴霾总算散去了几分。
第13章 菊斗罗撑到失眠，哪有大人和小孩子动怒的？,且不说菊斗罗那边在灭口...啊不是！封口。,反正林枫已经回到二楼的卧室，舒舒服服地躺在床上了。,本来他还认为，自己今天损失了那么多积分，晚上肯定会心疼的睡不着觉。,毕竟从6100积分直接缩水到610，这种损失放在谁身上都得肝疼好几天。,但是林枫还是低估自己了。,他这一晚睡的比谁都香甜。,“呼...呼...“,均匀的鼾声在卧室里轻柔地响起，林枫抱着被子，嘴角还挂着满足的笑容。,兴许是梦到了自己赚到了用之不尽的积分吧？,......,而另一边，今天眼睁睁看着奇茸通天菊离自己而去的菊斗罗，那真是翻来覆去睡不着。,当然，奇茸通天菊的得而复失只是一方面。主要还是—撑的！,太他娘的撑了！,菊斗罗躺在床上，双手捂着肚子，那张平时妖娆的脸现在扭曲得不成样子。,“嗝~~~”,一个悠长而响亮的饱嗝从菊斗罗嘴里冒出来，整个房间里都弥漫着那股奇异的香味。,那是枫染亭美食残留的味道，即便是打嗝，都带着让人食欲大增的香气。,可对菊斗罗来说，这香味简直就是折磨。
第13章 菊斗罗撑到失眠，哪有大人和小孩子动怒的？,“我再也不犯蠢了...“菊斗罗有气无力地呻吟着，“下次就老老实实点一样菜...“,话刚说完，他又想起那株奇茸通天菊，心里顿时又是一阵绞痛。,倘若今天自己乖乖听话，现在奇茸通天菊早就在自己手里了！,说不定现在已经开始炼化，突破九十六级了！,“我真是个蠢货！“菊斗罗恨不得给自己来两个大嘴巴子。,”嗝~~~“,今晚，注定是个充满打嗝声的不眠之夜......,翌日，林枫一大早就从床上爬了起来。,他伸了个大大的懒腰，只觉得浑身舒坦，神清气爽。,昨天菊斗罗和胡列娜三人都尝到甜头，今天肯定还会再来。,甚至还有可能带更多的封号斗罗来吃饭，一想到又有大把韭菜给他割，林枫就精神着睡不着。,就连昨晚损失了五千多积分的郁闷，都瞬间烟消云散了。,不就是积分嘛，旧的不去，新的不来。,只要他这韭菜园子经营得好，还怕没积分赚？,“系统，打开面板。”,林枫在心中默念。,【宿主：林枫】,
第13章 菊斗罗撑到失眠，哪有大人和小孩子动怒的？,【饭店等级：1级】,【美食积分：640点】,【系统商城：未激活（需累计获得10万美食积分）】,看着那孤零零的640点积分，林枫撇了撇嘴。,离激活商城的目标还差了十万八千里。,要是有什么办法短时间内获得大量积分就好了。,【叮！检测到杂鱼宿主正在为积分发愁。】,【本系统建议宿主放弃幻想，老老实实当个厨子，毕竟想靠您这脑子赚够积分，比母猪上树都难。】,系统的毒舌虽迟但到。,林枫眼角抽搐了一下，懒得跟这个破系统计较。,他打着哈欠走下楼，简单洗漱一番后，便再次躺在躺椅上，开始等待着今日的顾客上门。,果不其然。,没过多久，一阵急促又兴奋的脚步声由远及近。,“快点快点！焱你个大块头别挡路！”,“娜娜你慢点，小心摔着！”,听这动静，是昨天那三根小韭菜来了。,下一秒，店门被“唰”的一声推开。,胡列娜、邪月、焱三人风风火火地冲了进来。
第13章 菊斗罗撑到失眠，哪有大人和小孩子动怒的？,和昨天那副小心翼翼、战战兢兢的模样截然不同，今天的三人，脸上洋溢着的是毫不掩饰的激动和期待。,特别是看到躺在摇椅上的林枫时，三人立刻站直了身体，恭恭敬敬地躬身行礼。,“前辈，早上好！”,那态度，简直比见了教皇冕下还要虔诚。,林枫眼皮抬了抬，懒洋洋地嗯了一声，算是回应。,这次，胡列娜三人不用林枫主动开口，就已经轻车熟路地坐下打开菜单了。,昨天还觉得上面一百金魂币的清汤面是天价，今天再看，顿时觉得……也就那样，甚至是极为实惠。,“嘿嘿，咱现在有钱了！”焱搓着手，压低声音，笑得像个三百斤的地主傻儿子，“今天必须吃点好的！”,他现在兜里揣着三十万金魂币，感觉自己就是武魂城首富，走路都带风。,邢月也是一脸兴奋：“对！前辈说过，消费越高，奖励越好。这一次我们多点些菜说不定能抽中更好的奖励。”,胡列娜连忙开口补充：“但是要注意，一定要控制在自己的食量之内，免得......”,到了这里，胡列娜并没有继续说下去，但是焱和邪月都知道她想表达什么意见。,就是免得吃不完，落得个和菊斗罗一样的下场呗......,想到菊斗罗昨天那副惨状，两人不约而同地打了个哆嗦。,就在这时，焱突然想到了什么。,他猛地从座位上站起来，脸上的笑容也收敛了，取而代之的是一种郑重和诚恳。,他走到店中央，对着摇椅上的林枫，深深地鞠了一躬。,
第13章 菊斗罗撑到失眠，哪有大人和小孩子动怒的？,“前辈！”,林枫也懒洋洋地睁开一只眼，看着他，没说话。,焱深吸口气，脸上带着几分愧疚，诚恳地说道：“前辈，对不起！昨天我第一次来的时候，是我有眼不识泰山，冒犯了您！”,“我不该质疑您的菜价，更不该在您的店里释放武魂，想要闹事！”,“我为我之前的鲁莽和无知，向您郑重道歉！”,说完，他又是一个九十度的鞠躬，姿态放得极低。,胡列娜和邪月都没想到焱会来这么一出，不过两人眼中都露出了赞许。,焱这家伙，虽然脑子直了点，但总算开窍了。,焱抬起头，继续说道：“还有，多谢前辈宽宏大量，没有因为我的冒犯就把我列入观察名单，更没有把我拉进黑名单，还愿意让我们继续来店里吃饭！”,“这份恩情，焱没齿难忘！”,林枫看着他这副诚恳的样子，嘴角微微勾起。,不过表面上，林枫只是懒洋洋地摆了摆手，眼皮都没完全抬起来。,“行了，多大点事。”,他的声音还带着刚睡醒的沙哑和慵懒。,“哪有大人会和小孩子动怒的？”,“下次别犯蠢就行了。”,“是！多谢前辈！”焱连连道谢，这才满心欢喜地坐回了座位。,这心胸！
第13章 菊斗罗撑到失眠，哪有大人和小孩子动怒的？,这气度！,简直比天还宽，比海还阔！,与此同时，武魂殿，长老殿内。,气氛凝重得几乎能滴出水来。,菊斗罗月关一巴掌拍在面前的黄金圆桌上，那张妖娆的脸上此刻涨得通红，不是因为羞涩，而是因为气愤！,“我说的都是真的！”,,,,,,,,,,,,
第14章 全场笑我颠，唯有老鬼信我言,“我说的都是真的！“,菊斗罗月关的声音在长老殿内回荡，带着明显的急切和愤怒。,他环视着坐在圆桌周围的众位封号斗罗，几乎每一张脸上都写满了不信任和嘲讽。,“月关，你这是在逗我们玩呢？“,魔熊斗罗摇头失笑，那张粗犷的老脸上满是不屑。,“一个二十出头的小子，能把你这个九十五级的超级斗罗压制得连武魂都放不出来？“,“还有什么能直接提升魂力的神奇食物？“,鬼豹斗罗也跟着起哄：“老菊，你昨晚是不是喝多了？还是被哪个小姑娘给灌了迷魂汤？“,“哈哈哈！“,会议室内顿时爆发出一阵哄笑声。,这些封号斗罗们平时都是高高在上的存在，现在听到菊斗罗说出这种离谱的话，自然是不会相信。,菊斗罗的脸色越来越难看，那张妖娆的脸也被气得发红。,“你们......你们这群老顽固！“,他猛地站起身，兰花指颤抖着指向众人。,“我菊斗罗什么时候说过假话？我有必要拿这种事情来骗你们吗？“,“月关，你先别急，先说说那个小子到底是什么来头？“,周身黑气环绕的鬼斗罗鬼魅安慰了菊斗罗一句。,作为菊斗罗的老搭档，他对月关的性格还是了解的。
第14章 全场笑我颠，唯有老鬼信我言,这家伙虽然不太靠谱，但确实很少说谎。,特别是在这种正式场合，更不可能胡说八道。,“我......我也不知道他的具体来历。“,菊斗罗咬牙切齿地说道。,“但是我可以确定，那位林前辈，绝对不是普通人！“,“他的实力深不可测，至少也是九十九级的绝世斗罗！“,“甚至......甚至可能已经成神了！“,这话一出，整个长老殿瞬间安静了下来。,成神？,这两个字在斗罗大陆上，简直就是传说中的存在。,除了海神岛的那位海神，以及武魂殿供奉的天使神，还有谁能达到神级？,“菊花，你确定你不是在做梦？“,这时，一道声音从供奉席传来，带着浓浓的讽刺。,闻言，菊斗罗把目光转向供奉席，此刻七把豪华座椅上，也只有末端坐着一个人。,正是刚才开口的降魔斗罗，他也是此次会议，唯一前来的供奉。,其实降魔斗罗会出现在这里，已经算是给菊斗罗面子了。,在武魂殿的权力架构中，供奉殿是高过长老殿一等的。,
第14章 全场笑我颠，唯有老鬼信我言,特别是在比比东上台之后，两殿之间的关系更是降到了冰点。,要是今天发起这次会议的是比比东这个教皇，供奉殿那帮老怪物们兴许还会全体出动，给个面子。,可惜，菊斗罗只是个九十五级的长老。,在那些动不动就九十六级的供奉们眼里，他这点实力还真不够看的。,可别看九十五级和九十六级只有一级之差，这其中的差距，简直比魂斗罗与封号斗罗的差距还要夸张。,在封号斗罗中，九十五级可以说是最重要的一个分水岭，也极难突破。,像是菊斗罗，鬼斗罗二人，就已经在九十五级卡了十几年了！,如果不出意外，两人终其一生，也只能是这个成就了。,所以，供奉殿能够派降魔斗罗过来走个过场，已经是看在武魂殿内部团结的份上了。,“菊花啊菊花。”,降魔斗罗的声音里带着明显的嘲弄，那张古板的脸上写满了不耐烦。,“我说你这是怎么了？昨天是不是被哪个小丫头片子给迷昏了头？”,“还是说，你这把年纪了，j就开始出现幻觉了？”,菊斗罗听到这话，脸色瞬间变得铁青。,他紧紧攥着拳头，死死瞪着降魔斗罗。,“降魔供奉！你什么意思？”,“我能有什么意思？”,降魔斗罗慢慢悠悠地站起身，拂了拂身上的灰尘。
第14章 全场笑我颠，唯有老鬼信我言,“只是不想陪你在这里浪费时间了。”,“有这功夫在这里听你胡说八道，还不如回去好好修炼。”,“你也争取早点突破九十六级，别老是卡在九十五级做白日梦！”,这话就跟一把刀子似的，直接戳进了菊斗罗的心窝子。,九十六级？,要是他真的得到了那株奇茸通天菊，现在说不定已经在冲击九十七级了！,降魔斗罗说完后，也不管菊斗罗那难看的脸色，直接推门而出。,待到对方离开后，菊斗罗猛的转身看向剩下的一众封号。,“你们！信不信我说的话！”,但是很可惜，即使他再怎么解释，众人也只是沉默着，显然是没有一点相信的意思。,“好！不信拉倒！到时候你们别去前辈那里吃饭！哼！”,菊斗罗冷哼一声，转身就要离开此地。,下一秒，一众长老就笑得前仰后合，连连拍大腿。,菊斗罗猛的回过头来，结果却发现众人依旧严肃坐在原地，满脸无辜的看着他。,等到再次菊斗罗离开后，鬼斗罗看了周围的人一眼，最终还是默默的跟了上去。,......,“一群顽固的东西，机缘送到面前了都不知道伸手接住，亏我还想着与他们分享。”,
第14章 全场笑我颠，唯有老鬼信我言,也就在菊斗罗骂骂咧咧的时候，一道黑影从他身后跟了上来。,“月关，等等我！”,听到这个熟悉的声音，菊斗罗的脚步一顿。,他回过头，就看到鬼斗罗鬼魅化作一道黑影，正快速朝着自己飞来。,“鬼魅？”,菊斗罗的眼神中闪过一丝意外。,他本以为，连这个跟自己搭档了这么多年的老伙计，也会跟其他人一样不相信自己的话。,鬼斗罗落在菊斗罗身边，那张略显诡异的脸上难得露出了几分关切。,“月关，你刚才说的那个饭店，是真的？”,菊斗罗愣了一下，随即眼眶微红。,“鬼魅，你相信我？”,他的声音带着颤抖，那张妖娆的脸上写满了感动。,在整个长老殿，就只有鬼魅愿意相信他的话！,对此，鬼斗罗笑了笑。,“我还不了解你？“,“你这个人虽然爱臭美，爱炫耀，酿的酒也很难喝，但从来不会拿这种事情开玩笑。想来应该是......真的吧。”,闻言，菊斗罗脑袋上垂下几道黑线：“那些缺点你其实可以不用说的…..”,但随后，菊斗罗就不再理会这些，兴奋的拉着鬼斗罗就要前往枫染亭饭店。
第14章 全场笑我颠，唯有老鬼信我言,“走走走！鬼魅，你马上就知道我说的是真的了！而且那里的饭可香了！”,菊斗罗拉着鬼斗罗，一路风风火火地朝着枫染亭的方向冲去。,那速度快得，简直像是要去参加什么重要的约会一样。,,,,,,,,,,,,,,,
第15章 凭空造魂环，插队者哭了,这边，黄金一代已经用餐完毕，正拿着钱，眼巴巴的看着林枫。,林枫慢悠悠地站起身，伸了个懒腰。,“行了，该抽奖了，谁先来？”,胡列娜三人立刻眼睛发亮，兴奋之色溢于言表。,“前辈，我先来！”,胡列娜立刻把金魂币放在柜台上，等待着林枫”奖赏“。,她今天除了主食之外，还点了一份水果沙拉，消费了四百金魂币。,这么点钱对于刚获得了三十万金魂币的她眼都不带眨一下的，此刻这只小狐狸只期盼着自己能获得好点的奖励。,就在这时，店门被推开了。,只见是菊斗罗拉着鬼斗罗的胳膊走了进来。,“前辈！”菊斗罗一看到林枫，立刻变成了舔狗模式，“今天又来叨扰您了！”,那副殷勤的样子，跟昨天刚进门时的嚣张形成了鲜明对比。,鬼斗罗跟在后面，眼神不断打量着店内的环境。,说实话，他对菊斗罗的话还是将信将疑。这家看起来普普通通的小饭店，真的有那么神奇？,“嗯。”林枫瞥了菊斗罗一眼，当看到他身后的鬼斗罗时，心里顿时开心了不少。,但他表面上还是一副淡漠的样子，“先在一边等着，我给他们抽完奖再说。”,菊斗罗连忙点头：“好的好的，前辈您先忙！”,他拉着鬼斗罗坐到一边，压低声音道：“老鬼，你仔细看着，马上就轮到见证奇迹的时刻了！”
第15章 凭空造魂环，插队者哭了,鬼斗罗半信半疑地点点头，眼神死死盯着林枫。,林枫回到胡列娜面前，右手轻抬，食指在虚空中轻点。,“开始抽奖。”,【消费:400金魂币。】,系统的声音在林枫脑海中响起。,【系统评价：小韭菜终于舍得消费了呢！而且还没有浪费食物，表现很不错！】,【随机奖励：八千年魂环一枚。】,【宿主奖励：美食积分40。】,看着胡列娜的抽奖结果，林枫嘴角微微勾起。,一枚八千年魂环，正好符合胡列娜现在的需求。,这丫头现在已经突破四十级了，估计正愁着需要第四魂环呢。,结果系统直接就给她安排上了，还真是贴心啊。,【哼！杂鱼宿主别想太多，本系统只是不想看这只小韭菜浪费时间去猎魂而已。】,【她要是去猎魂森林待个把月，这期间枫染亭不就少了个忠实消费者？】,【本系统这可都是为了你的积分着想呢！】,系统的声音在林枫脑海中响起，那毒舌的语气里满满都是傲娇。,林枫在心里偷笑，嘴上倒是不说破。,
第15章 凭空造魂环，插队者哭了,反正不管怎样，胡列娜能拿到魂环，自己也能赚到积分，这是双赢的好事。,“你的奖励是…”,林枫故作神秘地停顿了一下，看着胡列娜那期待的小眼神，这才慢慢开口。,“八千年魂环一枚。”,只见他右手轻轻一挥，一个散发着幽深紫光的魂环就这样凭空出现，缓缓悬浮在半空中。,见到这一幕，胡列娜三人齐齐倒抽一口冷气，眼珠子都快瞪出来了。,而坐在一旁的鬼斗罗，原本还将信将疑的表情更是直接凝固了。,“这…这真的是八千年魂环！”,鬼斗罗的声音都在颤抖。,作为封号斗罗，他当然能感受到这枚魂环的真实性。,这绝对不是什么幻术或者障眼法，而是货真价实的八千年魂环！,菊斗罗在一旁得意洋洋：“老鬼，现在相信我说的话了吧？”,但此刻鬼斗罗已经被震惊的无法回答了，只能木纳的点了点头。,而胡列娜此时却陷入了纠结。,她看着眼前这枚散发着诱人光芒的魂环，心情五味杂陈。,激动是肯定的，毕竟八千年魂环的价值不言而喻。,可问题是…,“前辈，我…我能吸收这枚魂环吗？”
第15章 凭空造魂环，插队者哭了,胡列娜的声音带着明显的担忧：“按照常理，第四魂环的极限年份应该是五千年。”,“八千年的话，我担心会…”,她没有说完，但在场的所有人都明白她的意思。,超出承受极限的魂环，很有可能会让魂师爆体而亡！,听到胡列娜的担忧，林枫摇了摇头，语气就好像很无奈似的。,“你在我这消费，我自然不会害你。”,说罢，甚至都没对方回话，直接对着那魂环一点。,下一秒，那八千年的魂环，竟丝滑的融入胡列娜的身体，瞬间完成吸收！,“这……”,胡列娜瞪大眼睛，完全没反应过来发生了什么。,她只觉得一股温和的力量从魂环中涌出，如暖流般在体内流淌。,没有任何痛苦，没有任何撕裂感。,原本应该让她爆体而亡的八千年魂环，此刻却温驯得像只小猫，乖乖融入她的身体。,“吸收了？八千年魂环，就这么.....被我给吸收了？”,魂力等级也从刚突破的四十级，直接跃升到了四十二级！,邪月和焱见此，也是纷纷为胡列娜赶到高兴。,至于鬼斗罗？他早就彻底石化了。,
第15章 凭空造魂环，插队者哭了,胡列娜还沉浸在突然提升的狂喜中，邪月已经跃跃欲试了。,“前辈，我也要抽奖！”,邪月激动得眼睛发光，看着妹妹那副美滋滋的样子，他恨不得立马也来一发。,“我先来我先来！”,结果话音刚落，焱那魁梧的身躯突然出现，一屁股就把邪月这个细狗给挤到一边去了。,“哎哎哎！焱！”邪月被挤得差点摔倒，“你怎么能插队！”,“先到先得！”焱嘿嘿笑着，屁股直接坐在柜台前的椅子上。,焱满脸兴奋地把金魂币往柜台上一拍，眼睛里闪着小星星：“前辈，我要抽奖！”,林枫瞥了一眼兴奋的焱，又看了看被挤到一边的邪月。,“插队？”,林枫的声音依旧慵懒，但其中透出的危险意味让焱瞬间僵住了。,【消费:500金魂币。】,【系统评价：这个韭菜不听话，本系统很不爽！这种杂鱼只配领垃圾奖励！】,【随机奖励：魂力微弱提升。】,【宿主奖励：美食积分50。】,看到系统给出的奖励，林枫眼角抽搐了一下。,昨天焱消费一百金魂币都是魂力微弱提升，今天消费五百金魂币竟然还是给个魂力微弱提升？,不过想想也对，焱这种毕竟差一点就触犯到本店的规则。
第15章 凭空造魂环，插队者哭了,如果焱是在点餐的时候插队，恐怕就真的算是违反规则了。,到时候甚至就连他的积分都得缩水！,“魂力微弱提升。”,说出这话的时候，林枫的语气都极为淡漠。,最终，林枫在焱惴惴不安的注视下，右手轻轻一挥，一道极其微弱的光芒没入他的体内。,经过两次的魂力提升，焱的魂力等级也终于来到了四十级。,只不过他的心情却是一点也高兴不起来。,且不说这和刚才胡列娜拿到的八千年魂环比起来，这奖励简直是一个天上一个地下。,更重要的是，他刚才的愚蠢行为，貌似又不小心得罪了林枫！,,,,,,,,,
第16章 激动的鬼斗罗,看着焱这副惴惴不安的样子，林枫慵懒地抬了抬眼皮。,“下次再敢这样，你也上观察名单吧。”,这话就像一记重锤，直接敲在焱的心头。,他脸色瞬间变得惨白，豆大的汗珠从额头滚落。,观察名单啊！,要是上去了，那下一步可就是黑名单了啊！,一想到再也不能进来吃饭抽奖，焱的双腿都开始发软。,“前辈！我错了！我真的错了！”,焱连忙从椅子上跳起来，一个劲的对着林枫道歉，就差给林枫当场磕一个了。,“我不该插队！我不该不守规矩！我发誓以后绝对不会再犯这种错误！”,林枫瞥了他一眼，懒洋洋地摆摆手。,“算了，看在你是初犯的份上，这次就不跟你计较了。”,“但下次再有类似行为…”,林枫的话没有说完，但那冷淡的语气已经让焱心领神会了。,“是是是！绝对不会有下次！”焱如蒙大赦，连连点头。,就在这时，菊斗罗突然掏出一个精致的小本本，在上面写写画画，嘴里还念念有词。,“不能插队…不能闹事…不能浪费食物…”,他写得极其认真，那模样就像个小学生在做课堂笔记。
第16章 激动的鬼斗罗,“不能质疑菜价…不能想着吃霸王餐…不能质疑前辈的话…”,看着这位九十五级封号斗罗如此认真地记录着“饭店守则”，胡列娜三人都忍不住嘴角抽搐。,鬼斗罗凑到菊斗罗身边，看着小本本上那一条条“禁令”，眼神古怪地压低声音问道：,“你这上面写的…难道都是你昨天犯过的错？”,鬼斗罗这句话问得轻飘飘的，却像一块巨石砸进了平静的湖面。,菊斗罗那拿着小本本奋笔疾书的动作瞬间僵住。,他那张妖娆的脸，先是唰地一下变得惨白，然后又以肉眼可见的速度涨成了猪肝色。,空气，仿佛在这一刻凝固了。,菊斗罗机械般地、一寸一寸地扭过头，对上了鬼斗罗那双充满了探究的眼睛。,“胡说八道！”,半晌，菊斗罗才从牙缝里挤出四个字，声音尖锐得有些变调。,“我…我这是在总结经验！是为我们武魂殿的后辈们总结宝贵的经验！免得后面的蠢货也犯同样的错误！”,他挺直了腰板，脸上硬生生挤出一副“我为武魂殿操碎了心”的严肃表情，指骨用力地敲了敲小本本。,“对！就是这样！”,鬼斗罗眉头直跳，那张常年被黑气笼罩的脸上，此刻的表情古怪到了极点。,以他对自家老搭档几十年的了解，恐怕菊斗罗昨天在这里，不是被这位神秘的林前辈狠狠教训了一顿，就是丢了天大的人。,看这反应，八成是两样都占了。,
第16章 激动的鬼斗罗,鬼斗罗在心里默默吐槽，嘴上却没再追问，只是在做什么都不知道地点了点头，把视线重新投向了柜台。,那里，邪月已经恭恭敬敬地来到了之前焱的位置上。,他亲眼目睹了焱因为插队而受到“惩罚”，又看到了妹妹因为一顿饭就凭空获得了八千年的魂环，此刻的心情既是激动又是忐忑。,他小心翼翼地将四百五十枚金魂币放到柜台上，然后学着胡列娜的样子，对着林枫深深鞠了一躬。,“前辈，该我抽奖了。”,这恭敬的态度，让林枫心里很是受用。,他瞥了一眼柜台上的金魂币，心中默念。,“系统，开奖。”,【消费:450金魂币。】,系统的女声在脑海中响起。,【系统评价：又是一颗懂事的小韭菜，表现尚可。】,【随机奖励：武魂小幅度强化，月刃武魂锋利度大幅度提升。】,【宿主奖励：美食积分45。】,武魂强化？,林枫眉毛一挑，这个奖励不错，对邪月来说是实打实的战力提升。,他抬起眼皮，看着一脸期待的邪月，慢悠悠地开口。,“你的奖励，是武魂小幅度强化。”,“你的月刃，会变得比以前锋利很多。”
第16章 激动的鬼斗罗,话音落下，林枫伸出食指，对着邪月的方向轻轻一点。,一道银色的锐利流光从他指尖迸发，快如闪电，瞬间没入邪月的眉心。,邪月只觉得一股冰冷而锋锐的能量涌入四肢百骸，最终汇聚于他的武魂之上。,他甚至能清晰地“听”到自己的武魂在发出一阵阵兴奋的嗡鸣。,“唰！”,他下意识地抬起双手，两柄造型优美的血色月刃瞬间出现在掌中。,月刃刚一出现，整个饭店的空气似乎都变得凌厉了几分。,胡列娜和焱都下意识地后退了半步，他们能感觉到，邪月手中的那对月刃，散发着一种前所未有的危险气息！,那血色的刃身上，光泽流转，刃口处甚至泛着一层淡淡的寒芒，仿佛看上一眼，眼睛都会被刺痛。,“好…好锋利！”,邪月瞪大眼睛，感受着手中武魂传来的澎湃力量，声音都因为激动而颤抖。,他甚至有一种感觉，现在的他，如果再和焱切磋，甚至无需魂技，只凭这对月刃的锋利，就能轻易破开对方的防御！,“我的攻击力，至少提升了三成！”邪月激动地握紧了月刃，看向林枫的眼神充满了狂热的崇拜。,这简直是神迹！,只是吃一顿饭，就能让武魂得到如此恐怖的强化！,一旁的焱看得眼睛都红了，心里那叫一个后悔啊。,武魂强化啊！这可比单纯的魂力提升珍贵多了！,
第16章 激动的鬼斗罗,如果自己刚才规矩点，是不是也能抽到这么好的奖励？,他苦着一张脸，看向林枫，发现前辈压根就没看他，顿时更郁闷了。,而另一边，作为旁观者的鬼斗罗，那张常年笼罩在黑气下的脸，此刻已经彻底失去了表情管理。,震撼！,前所未有的震撼！,他看向林枫的眼神，已经从最初的怀疑，变成了和菊斗罗如出一辙的敬畏与狂热。,他终于明白，菊斗罗为什么会那么失态了。,面对这样的存在，任何的骄傲和矜持，都显得那么可笑。,这是一个天大的机缘！,一个能让武魂殿，甚至整个大陆格局都发生改变的巨大机缘！,想到这里，鬼斗罗再也无法保持那份属于封号斗罗的沉稳。,他猛地转过身，一把抓住了还在小本本上奋笔疾书的菊斗罗的衣领！,“月关！”,“啊？”,菊斗罗冷不丁被鬼斗罗抓住，整个人都懵了。,“老鬼你干什么！撒手！快撒手！”,菊斗罗尖叫起来，拼命想掰开鬼斗罗的手。,可鬼斗罗那双干枯的手此刻却像是铁钳一般，死死地箍着他的衣领。
第16章 激动的鬼斗罗,“他们抽完了吧？！是不是抽完了？！”,鬼斗罗双眼赤红，哪里还有半分平日里阴冷诡谲的模样，他抓着菊斗罗的衣领疯狂摇晃，嘴里急切地追问着。,“该我们了吧？！是不是该我们点餐了？！快啊！你倒是快问问前辈啊！”,,,,,,,,,,,,,,,
第17章 这人变脸怎么不扣豆啊？,“老鬼~快放手，我快喘不过气了！”,菊斗罗的脸因为缺氧而涨成了酱紫色，他拼命拍打着鬼斗罗定手臂。,见到菊斗罗这副快要翻白眼的样子，鬼斗罗这才猛地回过神来，赶紧松开了手。,“咳咳咳！”,菊斗罗一下子瘫软在座位上，捂着脖子剧烈地咳嗽起来。,他一边喘着粗气，一边用颤抖的兰花指指着鬼斗罗，气得话都说不利索了。,“你…你个老鬼！你想谋杀我啊！”,“武魂殿长老内讧，你要是把我掐死了，这丑闻明天就能传遍整个大陆！”,然而，鬼斗罗此刻根本没心思理会他的控诉。,那双常年隐藏在黑雾下的眼睛，此刻正死死地盯着柜台后的林枫，里面燃烧着的是前所未有的狂热火焰。,“月关！别废话了！”,鬼斗罗的声音沙哑而急切，他一把将还在咳嗽的菊斗罗拽了起来。,“快！轮到我们了！我们快去点餐！”,看着自家老搭档这副彻底失态、宛如魔怔了的模样，菊斗罗心里的那点怨气突然就散了。,取而代之的，是一种过来人的优越感。,他轻咳两声，慢条斯理地整理了一下被鬼斗罗抓得皱巴巴的衣领，每一个动作都透着一股刻意的优雅。,他理了理自己的发梢，随后伸出手指，轻轻戳了戳鬼斗罗的肩膀。,“老鬼，要淡定~”
第17章 这人变脸怎么不扣豆啊？,菊斗罗学着林枫那副云淡风轻的样子，嘴角微微上扬，眼神里带着几分“你还太年轻”的意味。,“瞧你那没见过世面的样子，把我们武魂殿长老的脸都给丢尽了。”,鬼斗罗：“……”,而另一边，黄金一代三人看到这一幕，差点没当场笑出声。,焱的肩膀抖得跟筛糠似的，他死死地捂着嘴，脸都憋红了。,邪月也是拼命地低下头，假装继续欣赏自己的武魂，但那不断抽搐的嘴角已经出卖了他。,胡列娜算是三人里定力最好的，但她也忍不住翻了个大大的白眼，小手下意识地摸了摸储物魂导器里那几张崭新的金卡。,忍住！一定要忍住！,这可是三十万金魂币的封口费啊！,拿人钱财，与人消灾。,今天就算天塌下来，菊长老在他们眼里也是那个风度翩翩、威严满满的封号斗罗！,绝对不是昨天那个跪在地上哭得鼻涕冒泡，还被撑得翻白眼的憨憨！,在“教训”完自家老搭档后，菊斗罗这才心满意足地转过身，重新面向柜台后的林枫。,前一秒还端着封号斗罗的架子，一副“你还太嫩”的过来人姿态。,后一秒，那张妖娆的脸上瞬间堆满了谄媚的笑容，腰也下意识地弯了下去，活像个见到了财神爷的店小二。,这变脸速度，看得鬼斗罗满头黑线。,“前……前辈！”,
第17章 这人变脸怎么不扣豆啊？,菊斗罗搓着手，脸上笑得跟朵盛开的菊花似的。,“那三个小家伙都抽完奖了，您看……我们是不是可以点菜了？”,他的声音放得又轻又柔，生怕惊扰了这位爷。,看着菊斗罗这堪比川剧变脸的绝活，林枫的眼角都忍不住抽动了一下。,这人变脸怎么不扣豆啊？,虽然林枫心里也想吐槽，但表面上只是平静的点了点头，算是应允了。,得到林枫的应允，菊斗罗的脸上瞬间笑开了花。,然后一把拽过还在旁边发愣的鬼斗罗，把对方按在了座位上。,紧接着，他以一种近乎虔诚的姿态，双手捧起了桌上的菜单。,那动作小心翼翼的，不像是捧着一本菜单，倒像是捧着什么绝世珍宝。,鬼斗罗被他这副模样搞得一愣，但也立刻正襟危坐，将目光投向了菜单。,依旧是九级菜单（中级）。,每一道菜的名字都霸气侧漏，而它们后面的价格，更是足以让任何一个魂师望而却步。,然而，鬼斗罗只是最初惊讶了一下，随即便恢复了平静。,贵吗？,一点都不贵！,和刚才胡列娜那种第四魂环就能吸收八千年的，以及邪月那肉眼可见的武魂强化比起来，这点钱又算得了什么？,这简直是白菜价！
第17章 这人变脸怎么不扣豆啊？,“月关，这位前辈这里…是消费越高抽奖越好吗？”鬼斗罗压低声音，语气中带着难以抑制的激动。,“那是自然！”菊斗罗一脸的理所当然，“前辈这里，童叟无欺，一分钱一分货！”,闻言，鬼斗罗只觉得每一道都散发着致命的诱惑。,他越看越激动，越看越眼热。,最终，一股难以抑制的冲动涌上心头，鬼斗罗鬼使神差地脱口而出。,“这么多好东西，真想全都来一份尝尝啊！”,话音刚落。,整个饭店的空气，瞬间凝固了。,“唰！”,几道目光，齐刷刷地钉在了鬼斗罗的身上。,胡列娜、邪月、焱三人齐齐打了个哆嗦，看向鬼斗罗的眼神，充满了怜悯与同情，就像在看一个即将踏上刑场的死囚。,他们的脑海中，不约而同地浮现出昨天菊斗罗被撑得翻白眼，最后还被没收了仙草奖励的悲惨画面。,而菊斗罗，几乎是下意识的瞥向林枫。,而菊斗罗，几乎是下意识地瞥向柜台后那张摇椅上的林枫。,就是这一眼，差点把菊斗罗的屎都给吓出来。,只见林枫那双原本半眯着的慵懒眼眸，此刻缓缓睁开，饶有兴致地瞥了鬼斗罗一眼。,那眼神里没有杀气，没有威压，甚至没有一点情绪波动。,
第17章 这人变脸怎么不扣豆啊？,有的，只是一种纯粹的好奇与玩味，甚至还勾了勾嘴角。,完了！,这个老鬼，怎么就这么想不开，非要上赶着作死呢？,昨天他自己作死被撑个半死，还丢了仙草的场景还历历在目。,难道今天就要眼睁睁看着自己的老搭档步上后尘？,不！,绝对不行！,电光火石之间，他想都没想，反手就是一个大逼兜，结结实实地抽在了鬼斗罗的后脑勺上。,啪！,清脆响亮的一声，在寂静的饭店里显得格外突兀。,鬼斗罗鬼魅，武魂殿位高权重的长老，九十五级的封号斗罗，此刻正捂着自己的后脑勺，整个人都懵了。,他缓缓转过头，那双隐藏在黑雾下的眼睛，此刻写满了三个大字：我是谁？我在哪？谁打我？,当他看到菊斗罗那张因为紧张而略显扭曲的脸庞时，一股怒火“噌”地一下就从心底直冲天灵盖！,他这辈子都没受过这种委屈！尤其还是被自己这么多年的老搭档，当着三个小辈的面，给来了一个大逼兜！,“月关！你疯了？！”,鬼斗罗几乎下意识的就要拍桌子，结果在他的手掌解除桌面之前。,菊斗罗就面色惊恐的抓住对方的手腕，随后身形猛的一扭，就这么水灵灵的来了个擒拿手。鬼斗罗那张黑漆漆的脸，就这么与冰凉的桌面来了个亲密接触......,
第18章 家暴现场？不太饿的菊斗罗,鬼斗罗感觉自己的脸贴在冰凉的桌面上，那股子怒火突然就熄灭了。,取而代之的，是一股巨大的困惑。,菊斗罗这是干什么？,这家伙虽然平时妖里妖气的，但从来不会无缘无故对自己动手。,更别说是在这种场合！,鬼斗罗的脑子飞快地转着，试图理解当前的状况。,月关刚才为什么一脸惊恐？为什么要拦住自己？为什么要把自己按在桌子上？,一定有什么他不知道的情况！,而另一边，黄金一代三人看着这一幕，眼珠子差点瞪出来。,心想这两位长老不会是在这里闹内讧吧？,不对！,难道是......家暴！？,而坐在摇椅上的林枫，脸上也闪过一丝呆滞的表情。,这个菊花又在搞什么幺蛾子？,昨天刚因为作死被自己教训了一顿，今天又开始整活了？,不过林枫很快就收敛起脸上的表情，重新恢复了那副云淡风轻的样子。,算了，反正这两个活宝爱怎么折腾就怎么折腾，只要别影响他赚积分就行。,鬼斗罗被按在桌子上好一会儿，终于忍不住开口了。
第18章 家暴现场？不太饿的菊斗罗,“月关！到底怎么了？”,他不是傻子，相反，能够修炼到封号斗罗的层次，鬼斗罗的智商绝对不低。,他这种反常的行为，绝对有原因。,菊斗罗深吸一口气，脸上的表情变得前所未有的严肃。,“老鬼，你听好了。”,他压低声音，眼神里闪烁着昨天那次惨痛经历留下的阴影。,“在这里，绝对不许浪费食物！”,鬼斗罗被按在桌子上，脸贴着冰凉的桌面，声音有些发闷。,“我又没说要浪费！我只是说想都尝尝而已！”,“你刚才不是说想全都来一份尝尝吗？”,菊斗罗的声音带着一丝颤抖，显然是被昨天的经历给吓怕了。,“你知道这意味着什么吗？意味着你要把菜单上的所有菜都点一遍！”,“那又怎么样？我又不是吃不完！”,鬼斗罗还是没有意识到问题的严重性，语气里带着几分不服气。,“老子好歹也是封号斗罗，这点饭量还是有的！”,听到这话，菊斗罗差点没当场给跪了。,“你听我说！”,
第18章 家暴现场？不太饿的菊斗罗,菊斗罗的声音都快哭出来了，他死死按着鬼斗罗，生怕对方再说出什么惊天动地的话。,“在这里，哪怕是封号斗罗，和普通人的饭量也相差无几！”,“什么？”,鬼斗罗愣了一下，这话听起来有些不太对劲。,“你开什么玩笑？我们封号斗罗的体质，怎么可能和普通人一样？”,“不信你问那三个小家伙！”,菊斗罗指了指旁边的黄金一代三人，,胡列娜三人听到这话，连忙点头如捣蒜。,“对对对！鬼长老，前辈这里的食物能量含量超高！”,“昨天菊长老就.....”,焱几乎下意识的就要说出菊斗罗被撑的翻白眼一事，但还好他及时想起他们收了三十万封口费的事，赶忙改口道：,“昨天菊长老就验证了，两道菜就吃饱了。”,闻言，鬼斗罗沉默了。,过了好一会儿，鬼斗罗才用那种略带埋怨的语气开口道：,“那你为啥非要把我按在桌子上？直接告诉我不行吗？”,他堂堂九十五级封号斗罗，什么时候受过这种待遇？,这要是传出去，他鬼斗罗的老脸还要不要？,菊斗罗微微一愣，眨了眨眼睛。
第18章 家暴现场？不太饿的菊斗罗,对哈……,他好像直接说就行了…..,貌似是自己太过应激了。,想到昨天在林枫面前的种种丢脸表现，菊斗罗的脸色有些尴尬。,“那个……”菊斗罗的声音有些发虚，“我这不是担心你吗？”,他小心翼翼地松开了按在鬼斗罗身上的手，然后讪讪地退到一边。,鬼斗罗缓缓从桌子上抬起头，那张黑乎乎的脸上满是幽怨。,虽然他也能看出来月关是在为自己担心，只是这种担心的方式…确实有点让人抓狂。,“咳咳！”菊斗罗摆摆手，脸上挤出一个尴尬的笑容。“咱们还是赶紧点菜吧，别让前辈久等了。”,说着，他连忙把菜单推到鬼斗罗面前，“今天我请客。”,鬼斗罗揉了揉自己的后脑勺，恶狠狠地瞪了菊斗罗一眼，但也没再计较。,他重新把注意力转向菜单，但这次也不会再说什么“全都来一份”的蠢话了。,“龙血糯珊瑚饭…这名字听起来就很补啊。”,鬼斗罗咂咂嘴，“还有这个玄眼寒磷鱼，光听名字就知道不是凡品。”,他的手指在菜单上划过，最后停在了酒水一栏。,“彼岸玉露酒…这酒听起来就很不错，就这些了，麻烦前辈了。”,听到鬼斗罗的点菜，菊斗罗总算松了一口气。还好，这老鬼总算没有作死。,
第18章 家暴现场？不太饿的菊斗罗,但就在这时，菊斗罗的眼神突然变得有些古怪。他摸了摸自己的肚子，脸上闪过一丝纠结的表情。,“前辈，那个…我…”,菊斗罗的声音有些迟疑，他瞥了一眼鬼斗罗，又看了看林枫，最后咬咬牙开口道：“我想要一份七彩果沙拉。”,这话一出，鬼斗罗瞬间瞪大了眼睛。,他压低声音，”你怎么就点一份沙拉？”,菊斗罗的脸色变得更加尴尬，他支支吾吾地说道：“那个…我…我现在还不太饿…”,“不饿？”鬼斗罗的眼神变得更加怪异，“那也不至于就点一份沙拉吧？而且你还说消费越高，奖励越好，就算是为了奖励，也得多点一些吧？”,“我…”菊斗罗的声音越来越小，最后干脆把头埋了下去。,实际上，昨天那顿饭实在是太撑了，他到现在肚子还是涨涨的。,要不是因为不想浪费今天的抽奖，菊斗罗连一份沙拉都不会点。,就在菊斗罗扭扭捏捏的时候，林枫已经进入了厨房。,在鬼斗罗眼里，这位神秘的饭店老板走路都透着一股慵懒的味道，但手段却是令人惊为天人。,只是鬼斗罗绝对猜不到的是，林枫一进厨房，整个人的气质瞬间就变了。,那种随性慵懒被收敛起来，取而代之的是开心的对着面前一顿挥拳，把空气揍成“重伤”。,“好耶！店内封号斗罗级别的韭菜已经逐渐开始增多了，我就要迎来自己的人生巅峰了！”,一想到那种场景，林枫整个人都充满了干劲！,,
第19章 菊斗罗偷鱼不成反被踹,几分钟后，厨房里传出了阵阵诱人的香气。,那股香味刚一飘出来，鬼斗罗整个人瞬间僵住了。,“这…这是什么味道？”,鬼斗罗的鼻子不由自主地抽动着，那双常年隐藏在黑雾下的眼睛，此刻瞪得老大。,这香味简直太不可思议了！,他修炼这么多年，走南闯北，什么山珍海味没吃过？,可是这股香味，却让他有种前所未有的感觉。,肉香，米香，还有一股说不出的奇异香味混合在一起。,闻一口，就感觉全身的细胞都在欢呼雀跃！,最要命的是，鬼斗罗发现自己的口水开始不争气地往外冒。,他堂堂九十五级封号斗罗，什么时候因为闻到食物的味道就口水直流？,这也太丢人了！,鬼斗罗赶紧把口水咽了回去，生怕被别人看到。,可是那股香味越来越浓，越来越诱人。,他的肚子开始不争气地“咕咕”叫了起来。,“好香！好香啊！比我们的三级菜单香多了！”,焱在一旁忍不住咽了咽口水，“我现在又想吃了怎么办？”,“你刚吃完还没半个小时好吧！”
第19章 菊斗罗偷鱼不成反被踹,邪月翻了个白眼，但他的眼神也忍不住往厨房的方向瞟。,胡列娜也是忍不住轻轻舔舐嘴角，但最终也只能苦笑：“可是前辈说过，一个人一天只能吃一顿啊。”,三人对视一眼，皆是默默垂泪。,他们也好想早点吃到更高级的菜品啊！,哪怕不为了抽奖，就单纯的满足口舌之欲！,就在三人陷入美食焦虑症的时候，林枫已经端着托盘走了出来。,“你们的菜来了。”,鬼斗罗瞬间坐直身体，那双眼睛直接锁定在托盘上，眼神比看到绝世美女还要炙热。,托盘上，菜品散发着令人窒息的香气。,龙血糯珊瑚饭呈现出诱人的樱红色，每一粒米饭都晶莹剔透，上面点缀着红宝石般的配料。,玄眼寒磷鱼则是通体银亮，鱼眼部分居然还在微微发光，鱼肉嫩白如雪，仅仅看一眼就让人食指大动。,至于那杯彼岸玉露酒，更是散发着淡淡的蓝色荧光，酒香阵阵，让人闻之欲醉。,相比较之下，菊斗罗那边就“寒颤”了许多。,虽然那七种不同的果实的沙拉在胡列娜等人眼中已经是求之不得的美味，但和鬼斗罗那边的“硬菜“一比，确实显得有些...清淡。,不过想想自己昨天被撑得翻白眼的惨状，菊斗罗也只能默默接受这个“朴素”的选择。,鬼斗罗端起那碗龙血糯珊瑚饭，手都有些微微颤抖。,这香味…太诱人了！,
第19章 菊斗罗偷鱼不成反被踹,他小心翼翼地舀起一勺，放到嘴里。,瞬间！,鬼斗罗整个人都愣住了。,这是什么神仙味道？！,那一粒粒樱红色的米饭在口中爆开，释放出浓郁的香甜。,每一粒米都充满了说不出的能量，在舌尖上跳跃，在味蕾上绽放。,“卧c.....”鬼斗罗差点说出脏话，但最终还是忍住了。,他发誓，这是自己这辈子吃过最好吃的一顿！,什么山珍海味，什么仙酿琼浆，和眼前这碗饭比起来，简直就是猪食！,鬼斗罗顾不上什么封号斗罗的风度了，开始疯狂地往嘴里扒饭。,并且时不时再夹一筷子鱼肉拌进饭里一起下肚。,“慢点吃，别噎着…”旁边的菊斗罗看得都有些担心。,但下一秒，他自己也顾不上说话了。,菊斗罗怀着复杂的心情，轻轻尝了一口自己的七彩果沙拉。,瞬间，心中所有不好的情绪都消散了，脑海里只剩下两个字——好吃！,虽然只是简单的果沙拉，但每一种水果都带着特殊的香甜，在口中层层递进，形成了完美的和谐。,昨天被撑得翻白眼的痛苦？算个屁啊！,错失奇茸通天菊的懊恼？去他大爷的！
第19章 菊斗罗偷鱼不成反被踹,此刻，菊斗罗满脑子就一个想法——老子要干饭！,不过一会儿的功夫，菊斗罗就已经把自己的一份沙拉消灭干净。,他意犹未尽地舔了舔嘴巴，那张妖娆的脸上还残留着满足的红晕。,七彩果沙拉的味道层次分明，每一种果实都在口中绽放出独特的香甜。,这种感觉…太爽了！,菊斗罗偷偷瞥了一眼旁边的鬼斗罗，这老鬼还在那里狂吃猛扒，那副样子简直跟好几天没吃过饭似的。,特别是那条玄眼寒磷鱼，散发着的香气简直让人欲罢不能。,菊斗罗咽了咽口水，心中升起一个大胆的想法。,反正就尝一口，应该没关系吧？,他小心翼翼地伸出筷子，朝着鬼斗罗盘子里的鱼肉探去。,就在筷子即将触碰到鱼肉的瞬间——,“砰！”,一只黑漆漆的靴子突然从桌子下面飞了出来，结结实实地踹中了菊斗罗的腰子。,“啊！”,菊斗罗惨叫一声，整个人不受控制的向侧面倒去。,“咣当！”,菊斗罗与地面来了个亲密接触，发出沉闷的撞击声。,
第19章 菊斗罗偷鱼不成反被踹,“老鬼！你踹我干什么？！”,鬼斗罗头也不抬，继续埋头狂吃，嘴里还含糊不清地说道：“想吃自己点去！别惦记我的鱼！”,护食护得那叫一个理直气壮。,菊斗罗从地上爬起来，拍了拍身上的灰尘，气得脸都绿了。,“你个死鬼！我就尝一口！一口而已！”,“一口都不行！”,鬼斗罗终于抬起头，那张黑乎乎的脸上写满了警惕。,“你知道这鱼多香吗？就这么一条，我都舍不得大口吃！”,说着，他还特意把盘子往自己身边拉了拉，生怕菊斗罗再来偷袭。,“你！哼！”,就这样，两位封号斗罗的一餐，就在鬼斗罗拼命扒饭，菊斗罗抱着胳膊在一旁生闷气的状态下结束了。,鬼斗罗满足地拍了拍肚子，那张黑漆漆的脸上难得露出了幸福的表情。,“爽！太爽了！”他的声音里带着毫不掩饰的激动。“这辈子都没吃过这么香的饭！”,菊斗罗在一旁冷哼了一声，兰花指不屑地指了指鬼斗罗。,“你看看你那副没出息的样子！堂堂封号斗罗，吃个饭跟饿死鬼投胎似的！”,鬼斗罗完全不在意菊斗罗的嘲讽，他现在满脑子想的都是待会儿的抽奖。,“前辈，我们可以抽奖了吗？”鬼斗罗搓着手，那双眼睛亮得跟灯泡似的。,林枫转头瞥了他一眼，慢悠悠的点了点头。
第20章 月关破大防！鬼魅喜提魂骨！,“我先来！我先来！”,鬼斗罗一个箭步冲到柜台前，那急不可耐的模样，生怕晚一秒奖励就飞了。,菊斗罗在后面看得直撇嘴，心里暗自嘀咕：“瞧你那没出息的样子，比我还急。”,但他嘴上却不敢多说什么，只能眼巴巴地看着，心里盘算着自己那份沙拉能抽出个什么奖励。,鬼斗罗激动地搓着手，那双平时阴冷的眼睛此刻亮得跟灯泡似的。,他迫不及待地从储物魂导器中掏出一张精致的金卡，恭恭敬敬地放在柜台上。,“前辈！请您收下！”,林枫原本懒洋洋地准备收下金卡，结果脑海里突然响起系统那毒舌的声音。,【叮！检测到韭菜非正常支付方式！】,【本系统提醒杂鱼宿主，这种支票类货币在本系统这里不流通。】,【系统这里只接受实体货币和实际财宝，不接受什么破支票金卡！】,【这种类似的玩意儿一律不收！】,林枫眼角抽了抽，差点没被系统这突如其来的规定给噎死。,这破系统，关键时刻总是给他整幺蛾子！,不过表面上，林枫还是得维持自己高深莫测的人设。,他慢悠悠地抬起眼皮，看了看桌上的金卡，然后轻描淡写地推了回去。,“这种东西，我不收。”,鬼斗罗愣了一下，整个人都傻了。
第20章 月关破大防！鬼魅喜提魂骨！,“啊？前辈，这是什么意思？”,林枫靠在摇椅上，语气依然慵懒，但透着一股不容置疑的威严。,“我这里只收实际的金魂币，或者等价的财宝。”,他顿了顿，淡淡补充：“这种支票类型的东西，我不要。”,鬼斗罗听到这话，整个人都蒙了。,这是什么规定？他在大陆上混了这么多年，还从来没遇到过不收金卡的商家。,要知道，金卡可是比现金更方便更安全的支付方式啊！,“咳~”后面，菊斗罗清了清嗓子，在一旁慢悠悠地掏出他的宝贝小本本，翻到新的一页，煞有介事地提笔记下。,“前辈这里，只收现钱或等价珍宝，不接受金卡支付。”,闻言，鬼斗罗无语的瞪了老搭档一样，恨不得把他的小本本给抢过来烧了。,不过既然前辈有规矩，那照办就是了。,鬼斗罗很快取出三万金魂币，整整一个大包！,见此，林枫总算是挥手收下金魂币，开始为鬼斗罗抽奖。,“开始抽奖。”,【消费：30000金魂币。】,系统的女声在林枫脑海中响起，带着一丝满意。,【系统评价：不错不错，这跟韭菜很懂事嘛！本系统很满意！】,
第20章 月关破大防！鬼魅喜提魂骨！,【随机奖励：八万年魂骨——地狱鬼影左臂骨。】,【宿主奖励：美食积分3000。】,“你的奖励……”,林枫故意拖长了音调，吊足了所有人的胃口。,鬼斗罗的心都提到了嗓子眼，紧张地咽了口唾沫。,“是一块八万年的魂骨。”,话音刚落，整个饭店瞬间安静得落针可闻。,八万年？魂骨？,这四个字像是一道惊雷，在每个人的脑海中炸开。,胡列娜三人直接傻在了原地，嘴巴张得能塞下一个鸡蛋。,菊斗罗更是浑身一颤，手里的小本本都差点掉在地上。,还不等众人从震惊中回过神来，林枫右手轻轻一挥。,嗡！,一团浓郁到极致的黑光凭空出现，悬浮在柜台之上。,黑光之中，一块造型奇特、通体漆黑的臂骨若隐若现。,它散发着令人心悸的恐怖气息，上面布满了玄奥的魔纹，一股阴冷的气息瞬间笼罩了整个饭店！,“这…这是……”,鬼斗罗的声音都在颤抖，他死死地盯着那块左臂骨，眼神中充满了狂热与痴迷。
第20章 月关破大防！鬼魅喜提魂骨！,作为封号斗罗，他能清晰地感受到这块魂骨中蕴含的恐怖能量！那绝对是八万年级别的魂兽死后才会凝聚出的至宝！,“地狱鬼影左臂骨，”林枫淡淡地介绍道，“能大幅度提升你的速度和爆发力。”,咕咚。,鬼斗罗艰难地咽了口唾沫，伸出手，颤抖着想要去触摸那块魂骨。,他的武魂本就以诡谲和速度见长，这块魂骨对他而言，简直就是量身定做！,“前辈…这…这真的是给我的？”鬼斗罗的声音带着浓浓的鼻音，激动得快要哭出来了。,林枫点了点头，随手一推。,那块散发着恐怖气息的魂骨，便轻飘飘地飞到了鬼斗罗的面前。,鬼斗罗如获至宝般，用双手小心翼翼地捧住魂骨，那感觉，就像是在捧着自己的整个世界。,“多谢前辈！小人以后定为前辈鞍前马后！”,鬼斗罗再也控制不住自己的情绪，双腿一软，“噗通”一声就跪在了地上，对着林枫连连磕头。,什么封号斗罗的尊严，什么长老的脸面，在这一刻，全都被他抛到了九霄云外。,而一旁的菊斗罗，整个人都石化了。,他眼睁睁看着自己的老搭档，那个跟自己搭伙了几十年，实力一直不相上下的鬼斗罗。,就这么跪在地上，如获至宝地捧着那块足以让整个大陆都为之疯狂的魂骨。,菊斗罗心都在滴血。,有句话怎么说来着？,
第20章 月关破大防！鬼魅喜提魂骨！,既怕兄弟过得苦，又怕兄弟开路虎。,菊斗罗此刻，就是这种心情的究极加强版。,他为鬼斗罗高兴吗？,或许有那么一丁点，就一丁点，比指甲盖还小。,但更多的是什么？,是嫉妒！是懊悔！是恨不得当场去世的抓心挠肝！,为什么？,为什么不是我？！,昨天，明明是我先来的！,那株比魂骨还要珍贵的奇茸通天菊，那株能让我直接突破九十六级，甚至展望九十七级的仙草。,就因为我作死！就因为我犯蠢！,我亲手把天大的机缘给推出去了！,而今天，我眼睁睁看着我的老伙计，在我面前，拿走了一块八万年的魂骨！,这对比，这伤害……,菊斗罗感觉自己的心，好像被一只无形的大手死死攥住，疼得他快要无法呼吸。,更要命的是，鬼斗罗居然还把魂骨拿到自己面前一个劲的炫耀！,”月关！你看！是魂骨！八万年的魂骨啊！“,鬼斗罗的声音洪亮而真诚，激动得浑身都在发抖。
第20章 月关破大防！鬼魅喜提魂骨！,“要不是你，我鬼魅这辈子哪有机会得到这种宝贝！”,“从今天起，你就是我亲哥！以后谁敢动你一根汗毛，我鬼魅第一个跟他拼命！”,这个拥抱，这番话，对菊斗罗来说，简直就是诛心之言。,“呵…呵呵……”,“老鬼…你…你客气了……”,“咱们是搭档嘛…应该的…应该的……”,,,,,,,,,,,,
第21章 虾仁猪心！月关喜提限定手帕,”月关，到你了。“,林枫那懒洋洋的声音，如同天籁之音，将菊斗罗从崩溃的边缘拉了回来。,对！,轮到我了！,菊斗罗猛地推开还在激动中的鬼斗罗，深吸一口气，强行压下心中翻江倒海的嫉妒与懊悔。,不就是一块八万年的魂骨吗？,有什么了不起的！,我的武魂是奇茸通天菊！可是仙品！,那株奇茸通天菊，价值可比这魂骨高多了！,昨天是我犯蠢，是我作死，才错过了机缘。,但没关系！,只要我以后老老实实吃饭，规规矩矩抽奖，前辈肯定还会把那株仙草奖励给我的！,对！一定是这样！,一番自我安慰下来，菊斗罗的心情总算平复了些许。,他整理了一下被鬼斗-罗弄皱的衣袍，重新端起那副属于封号斗罗的架子，迈着优雅的步伐，走到了柜台前。,尽管心里在滴血，但脸上却要风轻云淡。,这，就是他月关最后的倔强！,“前辈，该我了。”
第21章 虾仁猪心！月关喜提限定手帕,他从储物魂导器中取出早已准备好的一袋金魂币，小心翼翼地放在柜台上。,整整九千枚金魂币。,买一份沙拉，花了九千金魂币。,这事儿要是放在昨天，打死他都不信。,可现在，他只觉得……花得太值了！,林枫瞥了一眼那袋金魂币，心中默念。,“系统，开奖。”,【消费：9000金魂币。】,系统的女声在林枫脑海中响起，带着一股子幸灾乐祸的味道。,【系统评价：这颗菊花韭菜今天倒是挺乖的，但是可惜啊，他的名字已经上了观察名单，奖励会大打折扣。】,【随机奖励：永不磨损之“月关的叹息”手帕一条。】,【宿主奖励：美食积分900。】,噗——,林枫看到这个奖励，差点没当场笑喷出来。,月关的叹息？,永不磨损的手帕？,这破系统也太笋了吧！,
第21章 虾仁猪心！月关喜提限定手帕,他强忍着笑意，抬起眼皮，看着面前一脸期待的菊斗罗。,那张妖娆的脸上，写满了“快给我仙草”的渴望。,林枫清了清嗓子，努力让自己的声音听起来平静无波。,“你的奖励……”,他故意拉长了声音，享受着菊斗罗那紧张到屏住呼吸的模样。,“是‘月关的叹息’。”,月关的叹息？,菊斗罗愣住了。,不过这是什么东西？仙草吗？还是魂骨？话说为什么还有我的名字？,而且光听这名字，就感觉充满了诗意与逼格！,他感觉自己的心跳都漏了一拍，难道说……幸福来得这么突然？,就连旁边的鬼斗罗和黄金一代三人，也都竖起了耳朵，眼神里充满了好奇。,在众人期待的目光中，林枫右手轻轻一挥。,没有惊天动地的异象，也没有璀璨夺目的光华。,只有一抹柔和的月光在柜台上凝聚。,紧接着，一条折叠得整整齐齐的丝质手帕，就这么轻飘飘地落在了柜台上。,那手帕通体雪白，由不知名的丝线织成，触感温润如玉。,手帕的角落，还用金线绣着一朵栩栩如生的菊花，旁边还有两个娟秀的小字——月关。
第21章 虾仁猪心！月关喜提限定手帕,整个饭店，瞬间陷入了死一般的寂静。,所有人的目光，都死死地钉在那条手帕上。,胡列娜、邪月、焱三人，眼珠子瞪得溜圆，嘴巴张成了“O”型，表情精彩到了极点。,鬼斗罗更是直接懵了。,他凑上前，伸出手指小心翼翼地碰了碰那条手帕，又看了看自己手里的八万年魂骨，再看看手帕……,一时间，他竟不知道该说什么。,空气，仿佛凝固了。,菊斗罗脸上的期待，一点一点地消失，取而代之的是茫然，是困惑，是难以置信。,他颤抖着伸出手，拿起那条手帕。,入手冰凉丝滑，质感绝佳，甚至还散发着一股淡淡的、沁人心脾的清香。,这是一条好手帕。,一条顶级的，奢华的，完美符合他审美的好手帕。,可……,老子要的是仙草啊！,谁他妈要一条手帕啊！,“前辈……”菊斗罗的声音都在发抖，他几乎是带着哭腔问道：“这……这是何意？”,林枫看着他这副快要哭出来的样子，强忍着笑意，一本正经地解释道：,
第21章 虾仁猪心！月关喜提限定手帕,“此物名为‘月关的叹息’，乃是一件奇物。”,“它永不磨损，永不沾尘，最适合用来……”,林枫顿了顿，用一种悲天悯人的眼神看着他。,“……拭去悲伤的泪水。”,噗嗤！,一直憋着笑的焱，再也忍不住了，直接笑出了声。,“焱！”,邪月和胡列娜反应极快，一左一右，同时用胳膊肘狠狠地怼了焱一下。,焱被怼得差点岔气，连忙捂住嘴，可那不断抖动的肩膀，已经彻底出卖了他。,胡列娜更是直接转过身去，假装看风景，但那剧烈起伏的香肩，谁看不出她在偷笑？,“拭去……悲伤的泪水？”,菊斗罗喃喃自语，他感觉自己的世界观在这一刻，彻底崩塌了。,昨天，他还有奇茸通天菊。,今天，鬼斗罗也有地狱鬼影左臂骨。,到了今天……,就变成了一条擦眼泪的手帕？！,这算什么？,虾仁还要猪心？
第21章 虾仁猪心！月关喜提限定手帕,就在这时，鬼斗罗伸出手好奇地拽了一下那手帕，结果发现，以他封号斗罗的力量，居然都无法在那手帕上留下一丝褶皱！,“某种意义上来说！这手帕也算很厉害了。”,鬼斗罗由衷地赞叹道，“你看，据前辈所说，这手帕水火不侵，刀剑难伤！关键时刻，说不定能当个盾牌用！”,说着，他还一脸“我为你高兴”的表情，用力地拍了拍菊斗罗的肩膀。,这一拍，成了压垮骆驼的最后一根稻草。,“哇——”,菊斗罗再也忍不住了，当场就哭了出来。,他一个九十五级的封号斗罗，武魂殿位高权重的长老，此刻却像个受了天大委屈的孩子，哭得那叫一个伤心欲绝。,他一边哭，一边下意识地就用那条崭新的手帕去擦眼泪。,你还别说，真挺好用。,吸水性强，还一点都不脏。,鬼斗罗和黄金一代三人都看傻了。,这……这怎么还真哭上了？,林枫也是眼角抽搐，他万万没想到，这菊花长老的心理承受能力这么差。,说实话，他都有点于心不忍了。,因此，林枫决定说点什么。,“咳。”,
第21章 虾仁猪心！月关喜提限定手帕,林枫清了清嗓子。,他这一出声，饭店里所有人的目光瞬间都集中了过来。,就连哭得上气不接下气的菊斗罗，也强行止住了哭泣，抬起那张梨花带雨的脸，用一双通红的眼睛，满怀希冀地看着林枫。,难道说……前辈终于看到了我的诚意，准备把奇茸通天菊还给我了？,一瞬间，菊斗罗的心里，又燃起了希望的火苗。,然而，林枫接下来的话，却像一盆冰水，从头到脚，把他浇了个透心凉。,“顺便提醒你一句，你的奖励之所以这么差，是因为还在观察名单上。”,“在观察期结束之前，你每次抽奖获得的奖励，等级都会被降低。”,,,,,,,,,,
第22章 神邸下凡？我要给前辈宣传！,轰隆！,林枫的话，如同一道惊雷，在菊斗罗的脑海里轰然炸响。,他整个人都僵住了。,脸上的表情，在短短几秒钟内，经历了从茫然，到震惊，再到呆滞，最后……是彻底的绝望。,奖励等级……降低？,这……这不就意味着，自己想要拿到那株奇茸通天菊，变得遥遥无期了？！,上了这个该死的观察名单，奖励等级都要降低，那还怎么抽仙草？,别说仙草了，恐怕连鬼斗罗那种八万年的魂骨，都成了奢望！,那自己以后能抽到什么？,永不磨损的袜子？,还是自动清洁的裤衩？,等等，这个好像还不错？,啊呸！那也不能和仙草比啊！,一想到这种可能性，菊斗罗感觉自己的天，彻底塌了。,他那刚刚止住的泪水，像是开了闸的洪水，再一次汹涌而出。,而且这一次，比刚才哭得还要凶，还要惨！,“呜……我的仙草……我的奇茸通天菊……”,菊斗罗抽泣着，用那条“月关的叹息”手帕狠狠地擦着眼泪。
第22章 神邸下凡？我要给前辈宣传！,越擦越伤心，越伤心越擦。,这手帕的吸水性是真的好，擦了这么久，居然还是干干净净的。,一旁的鬼斗罗也反应了过来，他看看鬼哭狼嚎的菊斗罗，再看看自己手里的魂骨，心中一阵后怕。,还好刚才月关一巴掌把自己拍醒了，不然自己要是真喊出那句“所有菜都来一份”，恐怕现在自己手里的就不是魂骨，而是“鬼魅的忏悔”搓澡巾了。,想到这里，鬼斗罗下意识地抱紧了怀里的魂骨。,这可是八万年的魂骨啊！,整个大陆都找不出几块！,不去理会哭的要死要活的菊斗罗，林枫时不时的朝着店门外看去。,他很疑惑。,既然昨天菊斗罗都已经知道了自己店铺的神奇，那他应该会把这个消息告诉很多的封号斗罗吧？,按理来说应该有不少人来消费才对，怎么和昨天比起来，就多了个鬼斗罗，其他人呢？,林枫的目光越过还在那里抽抽噎噎的菊斗罗，看向店门外的街道。,空荡荡的。,除了偶尔路过的几个普通民众，连个魂师的影子都没有。,这不科学啊！,按照他的设想，菊斗罗回去之后，肯定会把这里的神奇告诉其他封号斗罗。,然后那些封号斗罗们就会蜂拥而至，排队消费。,
第22章 神邸下凡？我要给前辈宣传！,自己的积分就能蹭蹭蹭地往上涨！,可现在这情况……,林枫眉头微皱，心中有些不解。,就在这时，鬼斗罗似乎注意到了林枫的疑惑。,他小心翼翼地把那块宝贵的魂骨收好，然后走到林枫身边。,“前辈，您是在等客人吗？”,林枫瞥了他一眼，没有回答。,但鬼斗罗很机敏，立刻就明白了林枫的意思。,“前辈，您是想知道为什么没有其他封号斗罗来吗？”,林枫这才正眼看向他：“嗯？”,鬼斗罗苦笑一声，指了指还在那里哭天抢地的菊斗罗。,“前辈，今天月关确实把这里的事情告诉了长老殿的所有封号斗罗。”,“然后呢？”,“然后……”鬼斗罗的表情变得更加尴尬，“没有一个人相信他。”,林枫愣了一下。,“所有人都觉得月关是在痴人说梦。”鬼斗罗继续解释道，“他们不相信前辈您的存在，什么吃顿饭就提升魂力，在他们看来，这简直是天方夜谭。”,“当然，最主要的原因，还是因为月关他手上没有任何来自于您的奖励，无法说服众人。”,林枫听到这里，眼角抽了抽。
第22章 神邸下凡？我要给前辈宣传！,合着这帮封号斗罗们都是眼见为实的主儿，光听菊斗罗的描述根本不信。,毕竟菊斗罗手上确实没有任何能够证明自己的东西。,昨天的奇茸通天菊被没收了，今天又只抽到了一条手帕。,这要是换成林枫，他也不会信。,对此，林枫表示很淦。,他原本以为菊斗罗回去之后会掀起一阵消费热潮，结果倒好，这帮封号斗罗一个比一个固执，死活不信。,这就导致了一个很现实的问题——没人来消费，他的美食积分就涨不上去！,【叮！杂鱼宿主别气馁，本系统相信你总有一天能攒够十万积分的！】,林枫眼角直跳，恨不得把这破系统拖出来暴打一顿。,但更多的是对于无法收割积分的懊恼。,这些该死的封号斗罗就不能先来看看真假吗？非得那么死板？,就在林枫暗自吐槽的时候，鬼斗罗似乎察觉到了他的烦躁。,这位刚刚得到八万年魂骨的长老，此刻正小心翼翼地抚摸着自己的宝贝，脑子里飞快转动着。,前辈似乎对那其他长老不来消费很不满意？,这可不行！,前辈对自己这么好，赐给自己如此珍贵的魂骨，自己怎么能让前辈失望呢？,想到这里，鬼斗罗猛地站起身来。,
第22章 神邸下凡？我要给前辈宣传！,“前辈！”,他的声音带着前所未有的坚决和激动。,“我愿意带着您赐给我的魂骨，马上去宣传一波！”,“让那些不长眼的家伙们看看，什么叫做真正的机缘！”,听到这话，林枫眼睛一亮。,孺子可教啊！,这才是合格的韭菜该有的觉悟！,不仅自己消费，还主动拉来更多的韭菜！,这种员工，简直就是老板梦寐以求的啊！,虽然心里很高兴，但林枫表面上却是极为平静。,“随你。”,顿了顿，他又补充道：,“他们不信便不来，我无非就是少体验一些人世间的生活体验罢了。”,轰！,这话就像一枚重磅炸弹，在所有人脑海里爆炸！,人世间？,生活体验？,鬼斗罗瞪大眼睛，脑子里瞬间闪过无数个念头。
第22章 神邸下凡？我要给前辈宣传！,难不成，这位林枫前辈当真是神祇下凡体验生活不成？,一旁的菊斗罗也停止了抽泣，那双红肿的眼睛死死盯着林枫。,胡列娜三人更是面面相觑，眼神里写满了震撼。,想想林枫之前展现出的种种手段——,助人提升魂力！,凭空变出魂环！,一个眼神压制的菊斗罗倒地不起！,这些超越常理的能力，如果说林枫是神祇的话，那一切就都说得通了！,就在众人猜测林枫身份的时候，林枫再次慢悠悠地开口了，语气里带着几分赞许。,“不过既然你有这种心态，却是值得表扬。”,听到“值得表扬”这四个字，鬼斗罗整个人都要激动坏了！,真实身份很有可能是神邸的前辈居然表扬自己了！,这比得到八万年魂骨还要让他激动！,可这还没完，林枫在说完后，竟是直接一挥手，包括仙草在内的整整十一株仙草顿时就出现在众人面前！,,,,
第23章 磕到了！我站鬼菊这对儿！,当十一株仙草凭空出现的那一刻，整个饭店的空气都凝固了！,每一株仙草都散发着独特的灵韵，有的通体火红，有的冰蓝如玉，有的金光闪闪，有的黑气缭绕。,它们静静悬浮在空中，各自散发着属于自己的强大气息。,菊斗罗瞪大了眼睛，嘴巴张得能塞下一个鸡蛋。,他刚才还在为一条手帕而哭天抢地，现在却被这十一株仙草给彻底震撼了。,“这…这是…”,菊斗罗的声音都在颤抖，他死死盯着这些仙草，不敢置信地瞪大眼睛。,他寻找一生都没有见到一株仙草的影子，现在林枫竟是随随便便就拿出十多株来！,而且其中还有他昨天失去的那株奇茸通天菊！,“嘶~”焱瞬间倒吸了一口冷气，“这么多仙草！”,邪月和胡列娜也看呆了。,通过昨晚菊斗罗的解释和失去仙草后的崩溃，他们早已知道了仙草的价值，那可是足以让封号斗罗们打破头去争抢的绝世珍宝！,现在居然有十一株！,鬼斗罗更是整个人都石化了。,他抱着怀里的八万年魂骨，再看看眼前这些仙草，突然觉得自己手里的魂骨都不香了。,“前辈…”鬼斗罗的声音都在发抖，“您这是…”,林枫慵懒地靠在摇椅上，瞥了一眼震惊的众人。,“你有这个心，我很欣慰。”
第23章 磕到了！我站鬼菊这对儿！,“那便赏你一株小小的仙草作为奖励，你现在可以挑选其中一株。”,轰隆！,这句话就像一道天雷，直接劈在了所有人的脑袋上！,小小的仙草？,林枫前辈居然说仙草是“小小的”！,这得多大的格局啊！,鬼斗罗整个人都傻了，他指着自己的鼻子，声音都变了调。,“我…我可以挑一株？”,今天第一次来这里吃饭抽奖，不仅能得到一块八万年的魂骨，现在居然还能拿到一株仙草？,“随便挑。”林枫摆摆手，“反正我这里多得是。”,多得是…,多得是……,这三个字在所有人心中掀起了惊涛骇浪！,菊斗罗感觉自己的心脏都停止了跳动。,多得是？,仙草多得是？！,那可是仙草啊！整个斗罗大陆都难得一见的绝世珍宝，在林枫前辈这里，居然是多得是？！,
第23章 磕到了！我站鬼菊这对儿！,鬼斗罗更是激动得浑身颤抖，他死死盯着眼前悬浮的十一株仙草，眼珠子都快瞪出来了。,每一株都散发着独特的气息，每一株都价值连城！,“前辈……我……我真的可以挑一株吗？”,鬼斗罗的声音都在发颤，生怕这是个梦，生怕林枫会改口。,林枫慵懒地点点头：“快选吧，别浪费时间。”,“谢前辈！谢前辈！”,鬼斗罗激动得差点再次跪下，他强忍着内心的狂喜，仔细打量着每一株仙草。,就在众人还沉浸在震撼中时，林枫的脑海里却响起了系统那毒舌的声音。,【啧啧啧，杂鱼宿主，你这是在打肿脸充胖子吗？】,【说什么多得是，你总共就这十一株仙草，除此之外啥都没有！】,【现在倒好，为了装逼直接送出去一株，真是脑子进水了！】,林枫眼角微微抽搐，心中腹诽：你个破系统懂个屁！,这叫投入宣传资金！,以及增加韭菜的这种为枫染亭考虑的积极性！,甚至还能更加清晰的让韭菜们意识到，我这里赏罚分明！,想要钓大鱼，不撒点饵料怎么行？,鬼斗罗要是拿着仙草回去，那些封号斗罗还不得疯了？,到时候一个个排队来消费，美食积分还不是蹭蹭往上涨？
第23章 磕到了！我站鬼菊这对儿！,一株仙草换一群韭菜，这买卖血赚好吧！,而另一边，鬼斗罗挨个打量着那十一株仙草，最终把目光停留在了一株通体墨黑、散发着阴冷气息的仙草上。,那仙草名为轮回夜影花，鬼斗罗通过武魂的感应，也能猜得到这仙草与自己极为契合，林枫一开始也是猜测对方会选择这一株仙草。,鬼斗罗眼神狂热，伸出手就想要触碰那株仙草。,可就在手指即将触及的瞬间，他的动作突然停住了。,转过头，鬼斗罗看向了蹲在地上的菊斗罗。,那个跟自己搭档了几十年的老伙计，此刻正用一双红肿的眼睛，死死盯着悬浮的仙草。,更准确地说，是盯着其中那株金光闪闪的奇茸通天菊。,眼神里的渴望，几乎要化作实质。,鬼斗罗的手在空中停顿了许久，他的目光在轮回夜影花和菊斗罗之间来回徘徊，最终还是叹了口气将手收回。,“前辈，我选择这株奇茸通天菊。“,轰！,这句话就像一枚炸弹，在所有人脑海里爆炸！,菊斗罗瞪大眼睛，整个人都懵了。,胡列娜三人更是目瞪口呆。,就连林枫也愣了一下，眼神古怪地看着鬼斗罗。,“你确定？“,
第23章 磕到了！我站鬼菊这对儿！,林枫的声音里带着几分困惑。,“如果你是不小心选错了的话，我可以给你个机会重新选择。”,“不用了，前辈。“,鬼斗罗摇头，“我就要这株奇茸通天菊。“,林枫沉默了片刻，最终还是一挥手。,那株金光闪闪的奇茸通天菊缓缓飘向鬼斗罗，其余十株仙草则消失在空中。,“我靠……”,焱在一旁看得眼珠子都直了，他忍不住压低声音对旁边的邪月和胡列娜嘀咕。,“鬼长老这是什么操作？放着最适合自己的不要，偏偏选了个不搭边的？”,“这你就不懂了吧？”,胡列娜白了他一眼，眼神里却闪烁着八卦的光芒。,“这叫爱！”,“啊？”,鬼斗罗小心翼翼地接过这株仙草，那动作比接过自己的魂骨还要谨慎。,就在菊斗罗脑子里乱成一锅粥的时候，鬼斗罗做出了一个让所有人目瞪口呆的举动。,只见他捧着那株金光四射的奇茸通天菊，转过身。,然后，一步一步地，走到了还蹲在地上的菊斗罗面前。,在所有人震惊的目光中。
第23章 磕到了！我站鬼菊这对儿！,这位九十五级的封号斗罗，武魂殿位高权重，令无数魂师闻风丧胆的鬼魅长老。,就这么毫无征兆地，单膝跪在了蹲在地上的菊斗罗面前！,“轰！”,这个动作，不亚于一道晴天霹雳，直接劈在了胡列娜三人的天灵盖上。,焱的下巴都快掉到地上了。,邪月手里的月刃都差点没拿稳。,胡列娜更是死死捂住了自己的嘴巴，才没让自己尖叫出声。,我滴妈呀！,磕到了！我狠狠的磕到了啊！,我站鬼长老和菊长老这对儿！,就连林枫都被这一幕雷的头皮发麻！,鬼斗罗缓缓将奇茸通天菊递到菊斗罗面前，只丢下一句：“呐~给你，别哭了。”,,,,,,
第24章 介个就是爱情！全员迪化！,看着递到自己面前的奇茸通天菊，菊斗罗整个人都蒙了。,那株金光闪闪的仙草就这么静静地悬浮在他面前，散发着温暖的光芒。,每一片花瓣都晶莹剔透，蕴含着磅礴的能量。,这…这是真的吗？,菊斗罗下意识地伸出手，战战兢兢地触碰了一下那株仙草。,入手的触感告诉他，这不是梦！,“老鬼~你…..”,声音哽咽得厉害，菊斗罗甚至说不出完整的话。,他万万没想到，鬼斗罗居然会放弃最适合自己的仙草，给他换来了这株奇茸通天菊。,这可是他昨天失去的宝贝啊！,是他魂牵梦绕的仙草！,是他哭得稀里哗啦都没能保住的珍宝！,现在…现在竟然重新回到了他手里！,“哭什么哭！”,鬼斗罗有些别扭地别过脸去，那张黑乎乎的脸上闪过一丝不自然。,“男人家家的，动不动就哭，跟个女人似的！我最讨厌你这种样子！”,他沙哑的声音一点都不温柔，甚至显得有些粗暴。,“赶紧起来！蹲在地上算什么样子！”
第24章 介个就是爱情！全员迪化！,菊斗罗紧紧抱着奇茸通天菊，眼泪却流得更凶了。,这一次不是伤心，而是感动。,就在鬼斗罗还在那里别扭地教训着菊斗罗的时候，突然——,“老鬼！”,菊斗罗猛地从地上弹起来，还没等鬼斗罗反应过来，菊斗罗就这么毫无征兆地扑进了他的怀里！,“卧槽！”,鬼斗罗整个人都慌了。,这什么情况？,月关这家伙怎么突然就抱上来了？,他一点心理准备都没有！,“月关你疯了？！快放开我！”,鬼斗罗的脸瞬间涨成了猪肝色，他拼命想要推开菊斗罗，但对方抱得死紧。,“我不放！”,菊斗罗鼻子一酸，声音带着哭腔。,“老鬼，你对我太好了！”,“我…我感动得想哭！”,“谁要你感动了！”,
第24章 介个就是爱情！全员迪化！,鬼斗罗急得跳脚，“快放开我！被人看见了多不好！”,可惜菊斗罗根本不听，反而抱得更紧了。,这一幕，直接把旁边的胡列娜三人给看呆了。,焱的眼珠子都快瞪出来了：“我靠…抱上了抱上了！”,邪月嘴角抽搐：“感觉我们看到了什么不该看的东西…”,胡列娜更是激动得说不出话来了，只能颤抖着不停喘粗气。,但是她的心里却是大大声呼喊：介个就是爱情！,而坐在摇椅上的林枫，此刻的表情也变得相当精彩。,说实话，他身为一个穿越者，什么场面没见过？,但是，像这种场面他还真特么没见过！,他万万没想到，两个大男人居然能演出这么一出……,林枫眼角疯狂抽搐，看着眼前抱在一起的两个封号斗罗，整个人都不好了。,这什么情况？他开的是饭店，不是什么奇怪的场所啊！,还有旁边那个小狐狸！,你脸红个什么劲？,你是在兴奋吧？,你一定是在兴奋吧？！,“你快放开啊！前辈还在看着呢！”
第24章 介个就是爱情！全员迪化！,提到林枫，菊斗罗总算是冷静了下来。,这才依依不舍的松开了对方，但是他的眼神，依旧是柔情的看着鬼斗罗的侧脸。,“那个…前辈…”,鬼斗罗的脸黑得像锅底，声音都有些发抖。,“我们刚才…不是你想的那种意思…”,“老鬼说得对！”,菊斗罗也连忙解释，只是那几乎都要粘在鬼斗罗身上的眼神，怎么看都没有说服力。,“我们就是…就是太激动了！”,激动个鬼啊！,林枫心里狂吐槽，但表面上，他只是淡淡地抬了抬手，示意自己对他们的私生活不感兴趣。,“行了，你们的感情好不好跟我没关系。”,林枫懒洋洋地靠在摇椅上，语气里透着一股子“别在我面前秀恩爱”的不耐烦。,“我这里是饭店，不是什么情感调解中心。”,鬼斗罗听到这话，脸更黑了，恨不得找个地缝钻进去。,菊斗罗倒是毫不在意，反而美滋滋地抱着奇茸通天菊，那叫一个满足。,就在这时，鬼斗罗突然想起了什么，猛地转过头看向菊斗罗。,“对了，月关！”,
第24章 介个就是爱情！全员迪化！,鬼斗罗的语气变得严肃起来。,“你能重新得到奇茸通天菊，最应该感谢的其实不是我。”,菊斗罗愣了一下，抬起头茫然的看着鬼斗罗。,“什么意思？”,鬼斗罗看着老搭档那呆愣愣的样子，恨不得当场给他一个暴栗。,但最后也只是伸出手指狠狠戳了一下菊斗罗的脑袋。,“你个蠢货！“,菊斗罗被戳得一个趔趄，兰花指指着鬼斗罗委屈道：“老鬼你又欺负我！“,“我欺负你？“鬼斗罗冷哼一声，“我看是你脑子里装的全是花瓣！“,“你仔细想想，林前辈为什么要奖励我仙草？“,菊斗罗眨了眨眼睛，还是一脸迷茫：“因为你表现好啊。“,“那为什么偏偏要把奇茸通天菊也放在选择里？“,“因为...因为...“菊斗罗支支吾吾半天，说不出个所以然。,鬼斗罗又是恶狠狠的戳了一下菊斗罗的额头：“你这个榆木脑袋！“,“林前辈肯定是看你可怜，这才提出要奖励我的事情！“,“可是前辈的奖励为什么不是魂力提升，不是武魂进化，偏偏是仙草呢？”,“甚至前辈还特意把奇茸通天菊也放在选择中，不正是料到我会选择奇茸通天菊，然后交给你吗？“,“说来说去，还是前辈宅心仁厚，想借我之手，把仙草交给你罢了！“
第24章 介个就是爱情！全员迪化！,“真正想帮你的，是林前辈。“,轰！,这番话就像一道闪电，直接劈在了菊斗罗的脑袋上。,他瞪大眼睛，不敢置信地看着林枫。,“前辈.....您.....”,林枫靠在摇椅上，面色平静如水，既没有承认，也没有否认。,只不过此时的他真的是极度无语，这个鬼斗罗想象力咋就咋就这么丰富呢？,他给予鬼魅奖励，就是想要培养他这种为枫染亭生意分忧的想法。,他奖励仙草，是因为他手里头只有仙草！,至于借鬼魅之手把奇茸通天菊交给菊斗罗？,别扯了，他甚至都没料到鬼魅会为了月关放弃仙草！,可这种态度，反而让在场的所有人都觉得鬼斗罗说中了真相。,胡列娜捂着嘴，眼神里满是敬仰：“前辈真的好温柔啊...他真的...我哭死...“,,,,,
第25章 鬼菊“夫妇”暴打魔熊！,林枫看着菊斗罗那双红肿的眼睛里闪烁着的崇拜光芒，心里默默吐槽。,老子只是想收割韭菜啊！,怎么就被你们脑补成什么宅心仁厚的前辈了？,虽然很想说一句他们误会了，但看到几人尊崇的眼神，又默默的把话咽了回去。,算了，反正他们越是崇拜自己，就越愿意来消费。,这样想着，林枫干脆保持沉默，任由他们自己脑补。,“前辈…”菊斗罗颤抖着声音，眼泪又开始往下掉。,“您对我的恩情，我…我这辈子都还不完啊！”,说着，菊斗罗就要跪下。,林枫的眼角狂跳，赶紧抬手制止。,“停！”,林枫的声音带着一丝不耐烦，“你们吃过饭了，那就该干什么干什么去！”,他坐在摇椅上，摆了摆手，那架势活像在赶鸭子。,“我这里是饭店，不需要你们表忠心。”,听到这话，鬼斗罗立马反应过来，拍了拍脑门。,“对对对！前辈您说得对！”,他小心翼翼地把那块八万年魂骨收好，眼神里燃烧着前所未有的狂热。,“我现在就去找那几个老东西！”
第25章 鬼菊“夫妇”暴打魔熊！,鬼斗罗握紧拳头，声音铿锵有力，“说什么也要把他们带来消费！”,“让他们见识见识什么叫做真正的机缘！”,菊斗罗也是一个激灵，赶紧拿起那条“月关的叹息”手帕，狠狠地擦了擦眼泪。,“对！我也去！”,他小心翼翼地将奇茸通天菊收进储物魂导器，眼神里闪烁着报复的快感。,“让他们见识见识前辈赐下的仙草！”,“看看还有谁敢说我菊斗罗在痴人说梦！”,两人快速冲出饭店，只留下一句“前辈就等着我们的好消息吧。”,看着两个封号斗罗像风一样冲出去的背影，林枫嘴角微微上扬。,这两颗韭菜，终于要去发挥拉人头的作用了。,想到那些即将涌入的封号斗罗，林枫心里美滋滋的。,美食积分，马上就要蹭蹭往上涨了！,他舒服地靠在摇椅上，心情大好。,这时，林枫的目光扫向店内，发现胡列娜三人还愣在原地。,三人面面相觑，表情呆滞。,显然还沉浸在刚才那出“深情大戏”的震撼中。,“怎么？”,
第25章 鬼菊“夫妇”暴打魔熊！,林枫挑眉，语气里带着几分调侃。,“还想让我留你们吃晚饭？”,这话就像一盆冷水，瞬间把三人从呆滞中浇醒。,“不不不！”,焱连连摆手，脸瞬间涨红。,“前辈，我们这就走！”,三人恭恭敬敬地向林枫行礼，那架势比见到教皇还要虔诚。,“慢走不送。”,林枫摆摆手，完全没有起身的意思。,......,武魂城休闲区，一个身形魁梧的中年男子正舒服地靠在椅子上，手里端着个茶碗，听着台上说书人绘声绘色地讲着魂师界奇闻。,“话说这位绝世强者一掌拍出，山崩地裂，敌人瞬间化为齑粉！”,“好！”,魔熊斗罗顺手从储物魂导器里掏出几枚金魂币，潇洒地扔向台上。,就在他正听得兴起的时候，茶楼门口突然传来一阵急促的脚步声。,“老熊！”,“魔熊！”,两个熟悉的声音同时响起，魔熊斗罗眉头一皱，转过头去。
第25章 鬼菊“夫妇”暴打魔熊！,只见菊斗罗和鬼斗罗两人气喘吁吁地冲了进来，那架势就像是身后有什么洪水猛兽在追赶似的。,“月关？鬼魅？”,魔熊斗罗有些疑惑地看着这两个老伙计。,“你们俩这是怎么了？跑得这么急？”,菊斗罗和鬼斗罗对视一眼，都从对方眼中看到了同样的兴奋。,“老熊！别说哥不带你，快跟我们走！”,鬼斗罗二话不说，直接上前就要去拉魔熊斗罗。,“有天大的机缘等着你！”,“什么机缘？”,魔熊斗罗一头雾水，但还是下意识地往后缩了缩。,“你们俩今天是不是吃错药了？”,“哎呀！你别问那么多！”,菊斗罗那张妖娆的脸上写满了焦急。,他死死盯着魔熊斗罗，眼神里燃烧着前所未有的急切。,“老熊！咱们都是几十年的老朋友了，我还能坑你不成？”,菊斗罗的声音都有些发颤，手指不自觉地摸了摸储物魂导器里的奇茸通天菊。,“林前辈那边还等着呢！”,
第25章 鬼菊“夫妇”暴打魔熊！,他们浪费的每一分钟，都有可能会让林枫今天少一个客人！,林前辈刚才还说什么“人世间的生活体验”，万一因为他们耽误了时间，让前辈失去了兴趣怎么办？,那可是神祇级别的存在啊！,“快走快走！路上我再跟你解释！”,菊斗罗急得团团转，恨不得直接扛起魔熊斗罗就跑。,可魔熊斗罗依然稳如泰山地坐在那里，端着茶碗，一副“你们爱咋咋地”的表情。,“不行！”,魔熊斗罗摇头摇得跟拨浪鼓似的。,“你们这是想干什么？我好不容易有个休息的机会，就想安安静静喝个茶，听个书。”,他指了指台上还在讲故事的说书人。,“正讲到精彩处呢！我才不跟你们去搞什么莫名其妙的机缘！”,魔熊斗罗说着，还故意往椅子里缩了缩，摆出一副“打死我也不走”的架势。,听到这话，菊斗罗和鬼斗罗瞬间对视一眼。,两人眼中同时闪过一丝危险的光芒。,“你踏马走不走？！”,鬼斗罗的声音突然变得阴森恐怖，那双平时就阴冷的眼睛，此刻更是冒出了森森寒光。,就在魔熊斗罗刚说出一个“不”字的时候——,“砰！”
第25章 鬼菊“夫妇”暴打魔熊！,一记重拳直接砸在了魔熊斗罗的脑门上。,当然，这只是个开始，接下来的十几秒内，魔熊斗罗体会到了什么叫做“夫妻混合双打”。,“砰！”,菊斗罗的铁拳如雨点般落在魔熊斗罗的脑袋上，那叫一个凶残。,“让你不听话！”,“砰！”,“让你犟嘴！”,“砰！”,“让你不跟我们走！”,那样子要说没有点私人恩怨，怕是谁都不信。,鬼斗罗也没闲着，一双鬼爪抓住魔熊斗罗的另一边，什么掏鸟，毒龙钻之类的阴狠招数都用上了。,“想喝茶是吧？”,“想听书是吧？”,“今天不把你打服了，我就不姓鬼！”,魔熊斗罗想挣扎，可是两个九十五级的封号斗罗合力暴打，就算是他魔熊斗罗也架不住啊！,“卧槽！你们两个疯了吗？！”,“别特么掏我裤裆！”,
第25章 鬼菊“夫妇”暴打魔熊！,店家想要来劝架，结果一看是武魂殿著名的哼哈二将，顿时扭头就走，假装什么也没看见。,开玩笑，这两位爷平时就不好惹，现在明显是发了狂，谁敢上前劝架？,不要命了？,,,,,,,,,,,,,,,
第26章 斗罗也怕掏裆！前辈的韭菜别跑！,就在魔熊斗罗遭受毒打的时候，茶楼外突然传来一阵急促的脚步声。,一个身材消瘦的男子匆匆走进茶楼，刚一踏进门口，就看到了这令人震惊的一幕。,此人正是被魔熊约来一起听书唠嗑的鬼豹斗罗。,原本他们约好了一起来这里消磨时光，只是鬼豹斗罗有些事情要处理，这才耽误了点时间。,结果一来就看到了这惨烈的画面！,“卧槽！老熊！”,鬼豹斗罗瞪大眼睛，看着被按在地上疯狂暴打的魔熊斗罗，整个人都懵了。,那可是九十四级的魔熊斗罗啊！,武魂殿长老团里出了名的硬汉！,现在却被菊斗罗和鬼斗罗两个人按在地上狂揍，那惨叫声简直闻者伤心见者流泪。,“别掏我裤裆！”,“有本事单挑啊！”,“我错了！我错了还不行吗？！”,魔熊斗罗的求饶声在茶楼里回荡，但菊斗罗和鬼斗罗丝毫没有停手的意思。,鬼豹斗罗的身体开始微微颤抖。,不是害怕，而是愤怒！,此时，鬼豹斗罗已经动用了他那聪明的小脑袋瓜，瞬间猜到了“真相”！,肯定是早上菊斗罗召开会议说那个劳什子枫染亭饭店的时候，大家嘲笑他做白日梦。
第26章 斗罗也怕掏裆！前辈的韭菜别跑！,这老小子现在恼羞成怒，带着老相好鬼斗罗来报仇了！,真踏马狡猾啊！,这俩人魂力等级本就比其他人高，结果还在他们分散的时候二打一！,尤其是鬼斗罗，那招招都往下三路攻去的损招，鬼豹斗罗是一看就头皮发麻！,“太过分了！”,鬼豹斗罗咬牙切齿，握紧了拳头。,就算你们俩实力强，也不能这么欺负人啊！,而且魔熊这家伙平时虽然嘴毒了点，但也没得罪过他们到这种程度吧？,就在这时，魔熊斗罗终于发现了他。,“鬼豹！救命啊！”,魔熊斗罗一边被暴打，一边向鬼豹斗罗求救。,“这两个疯子不知道发什么癫！”,“快来帮忙！”,鬼菊二人也顺着魔熊斗罗的视线，看见了鬼豹斗罗。,两人脸上顿时露出一个惊喜的笑容。,“哟！鬼豹也来了！”,菊斗罗停下了手里的动作，兰花指指着鬼豹斗罗。,
第26章 斗罗也怕掏裆！前辈的韭菜别跑！,“正好一起带走！”,鬼斗罗也是眼前一亮，松开了魔熊斗罗的衣领。,“太好了！又多一个前辈的韭菜！”,“不对，又多一个客人！”,可是在鬼豹斗罗眼里，这就是要揍他之前的狞笑啊！,卧槽！,这两个家伙连我也不放过？！,“老子跟你们拼了！”,鬼豹斗罗刚想撸起袖子上前帮忙，但下一秒他就怂了。,啊呸！那不是怂，是理智！,强攻系的魔熊斗罗那么能打都被按在地上狂揍，他这细胳膊细腿的，上去不是送菜吗？,三十六计，走为上计！,“溜了溜了！”,鬼豹斗罗扭头就跑，那速度快得像兔子一样。,“鬼豹！你给我站住！”,菊斗罗看着鬼豹斗罗那兔子般的逃跑速度，顿时急了眼。,这特么都是前辈的客人啊！,一个都不能少！
第26章 斗罗也怕掏裆！前辈的韭菜别跑！,菊斗罗二话不说，直接冲了出去。,见到菊斗罗的动作，茶楼里的客人都看呆了。,“我靠，菊长老这是要干嘛？”,“追男人呗，还能干嘛？”,“啊？可是菊长老不是和鬼长老才是一对儿吗？”,茶楼里顿时议论纷纷，各种奇怪的猜测满天飞。,鬼斗罗看着菊斗罗冲出去的背影，下意识就想跟上去帮忙。,但刚迈出一步，他突然想起还得把魔熊送到枫染亭消费呢。,林前辈还在等着韭菜...不对，还在等着客人呢！,于是鬼斗罗又重新转过身来。,结果这一回头，他就看到了相当精彩的一幕。,只见魔熊斗罗正佝偻着身子，双手死死捂着裆部，一瘸一拐地往茶楼后门挪去。,那小心翼翼的模样，活像个做贼的。,显然是想趁着他们俩都不注意，悄悄溜走。,鬼斗罗的眼神瞬间就危险了起来。,“老熊~“,他的声音轻飘飘的，但听在魔熊斗罗耳朵里，却比死神的呼唤还要恐怖。,
第26章 斗罗也怕掏裆！前辈的韭菜别跑！,魔熊斗罗浑身一哆嗦，身体僵硬得像块石头。,但没办法啊！,刚才鬼斗罗那一顿鬼爪，差点把他的命根子都给抓烂了！,到现在下面还隐隐作痛呢！,“老鬼，我错了！”,魔熊斗罗瞬间怂了，但右手还是下意识地抬起来，握成拳头摆出迎战姿势。,只不过左手依然死死护着裆部，显然对鬼斗罗的鬼爪心有余悸。,“我真的知道错了！”,“你想干什么就说，我配合！”,“但是能不能别再掏我裤裆了？”,魔熊斗罗的声音带着哭腔，那叫一个委屈。,他好歹也是九十四级的封号斗罗啊！,被人按在地上暴打就算了，还被专门攻击下三路！,这特么传出去，他魔熊斗罗还怎么在武魂殿混？,鬼斗罗看着魔熊斗罗那副又想反抗又怕被掏裆的纠结样子，莫名觉得有些好笑。,“老熊，你别紧张。”,鬼斗罗的语气稍微缓和了一些。,“我们真的不是特意来打你的。”
第26章 斗罗也怕掏裆！前辈的韭菜别跑！,“真的有天大的机缘等着你！”,魔熊斗罗当场就翻了个白眼。,“老鬼，你说有机缘，那倒是拿点证据出来啊！”,他捂着裆部，一脸的不信。,“就凭你们俩刚才那架势，说是要带我去送死我都信！”,鬼斗罗这才一拍脑门，想起来自己忘记了最重要的展示魂骨环节。,“对啊！证据！”,鬼斗罗眼前一亮，下意识就想从储物魂导器里掏出那块八万年的地狱鬼影左臂骨。,可就在他准备当场掏出自己的大宝贝给魔熊看的时候，突然发现整个茶馆的人都在注意着这边。,这倒是让鬼斗罗升起一丝警惕。,倒不是怕被抢魂骨，凭他九十五级封号斗罗的实力，在场的这些人谁敢造次？,他担心的是另一件事。,万一这件事传出去后，像是周围这些劣质“韭菜”，一股脑的跑去枫染亭，到头来还拿不出金魂币。,那可就糟了！,反正周围这些整天就知道喝茶听曲儿的家伙，就不像是能在枫染亭消费得起的主儿。,要是他们跑去枫染亭瞎凑热闹，惹怒了林前辈怎么办？,这样一来，就是他鬼魅对不起对他恩重于山的林枫前辈了！,
第26章 斗罗也怕掏裆！前辈的韭菜别跑！,想到这里，鬼斗罗的眼神瞬间变得危险起来。,他扫视了一圈茶馆里的客人，那些人被他这么一看，顿时都低下了头，假装什么也没看见。,“老熊，跟我出来！”,鬼斗罗压低声音，语气里带着不容置疑的威严。,“有些东西，不适合在这里展示。”,魔熊斗罗愣了一下，但还是乖乖跟了出去。,茶馆外的巷子里，鬼斗罗左右看了看，确认没有外人后，这才小心翼翼地从储物魂导器中取出了那块魂骨。,“卧槽！”,,,,,,,,,,
第27章 龟儿子给我站住！老菊刹不住车了！,当那块魂骨出现在自己面前的时候，魔熊斗罗整个人都傻了。,从那魂骨上传来的能量波动，让魔熊斗罗这个九十四级的封号斗罗都感到心惊肉跳！,“这…这是…”他的声音都在颤抖，他伸出手想要触碰，却被鬼斗罗一巴掌拍开。,“八万年魂骨！”鬼斗罗的语气里带着掩不住的得意。,“地狱鬼影左臂骨！”,魔熊斗罗的声音都变了调，眼珠子瞪得像铜铃。,“八万年？！”,“老鬼……这……这魂骨是从哪儿得来的？”,他的眼神死死锁定在那块散发着恐怖气息的魂骨上，口水都快流出来了。,鬼斗罗看着魔熊斗罗那副震惊的表情，心里别提多得意了。,“想知道？“,他把魂骨在手里掂了掂，那叫一个臭屁。,“就是月关说的那个枫染亭！“,“我今天去那里吃了顿饭，然后抽奖就抽到了这个！“,魔熊斗罗瞬间石化。,“你说啥？吃顿饭就能抽到八万年魂骨？“,“老鬼，你是不是发烧了？”,魔熊斗罗上前一步，伸出那只蒲扇般的大手，就要往鬼斗罗额头上摸去。
第27章 龟儿子给我站住！老菊刹不住车了！,鬼斗罗一把拍开魔熊斗罗的手，整个人瞬间就炸了。,“靠！老子好心好意带你去发财，你还质疑我？！”,他的声音里带着明显的怒气。,“我发你大爷的烧！”,魔熊斗罗被这突如其来的暴怒吓了一跳，下意识后退两步。,“老鬼，你别激动啊！我就是觉得这事儿太离谱了……”,“离谱你个头！”,鬼斗罗气得脸都绿了，直接把那块价值连城的魂骨往储物魂导器里一塞。,“老子拿八万年魂骨给你看，你踏马还说我发烧？”,“不信拉倒！”,说完，鬼斗罗扭头就走，脚步声蹬蹬蹬的，那叫一个气势汹汹。,“诶诶！老鬼你别走啊！”,魔熊斗罗看着鬼斗罗要走，顿时急了。,刚才那块魂骨他看得很清楚，那绝对是真的八万年魂骨！,散发的气息骗不了人！,虽然不敢相信吃顿饭就能抽到这种宝贝，但事实摆在面前啊！,“等等，老鬼！老鬼！”,
第27章 龟儿子给我站住！老菊刹不住车了！,魔熊斗罗一个箭步冲上前，伸手就要去拉鬼斗罗的胳膊。,结果鬼斗罗直接一个侧身闪开，冷冷瞪了他一眼。,“老子好心带你去捡机缘，你不稀罕就算了！”,鬼斗罗的语气里满是嫌弃。,“反正林前辈那里客人多的是，不差你一个！”,说着，他又往前走了两步。,“等等等等！”,魔熊斗罗彻底慌了，连忙跑到鬼斗罗前面拦住去路。,“老鬼，我错了还不行吗？”,“鬼哥！鬼哥！,“我刚才就是太震惊了，一时没反应过来！”,他搓着手，那张饱经风霜的脸上写满了讨好。,“你别生气，咱们是多年的老兄弟了！”,看着魔熊斗罗那副求人的样子，鬼斗罗心里的火气总算消了一些。,“算了，看在咱们多年兄弟的份上，我就再给你一次机会。”,“但是丑话说在前头！”,他指着魔熊斗罗的鼻子。,“到了林前辈那里，你给我老老实实的！”
第27章 龟儿子给我站住！老菊刹不住车了！,“那当然！那当然！”,魔熊斗罗连连点头，活像个小鸡啄米。,“我保证规规矩矩，绝对不给你添麻烦！”,得到魔熊的保证，鬼斗罗这才带着魔熊快速朝着枫染亭赶去。,两人一路狂奔，魔熊斗罗那蒲扇般的大手紧紧攥着，心里既紧张又期待。,八万年魂骨啊！,如果真的能抽到这种宝贝，那他魔熊斗罗这辈子都值了！,但是另一边的月关，却是不怎么顺利。,“鬼豹！你特么给我站住！”,菊斗罗虽说是九十五级封号斗罗，要比鬼豹高上一级，但是对方毕竟是敏攻系，速度本就比他这种强攻系要快上不少。,再加上鬼豹为了不挨打，更是开了增幅速度的魂技，甚至弥补了两人之间的登记差距，这就让菊斗罗更难追上他了。,卧槽！老子又没招惹你！“,鬼豹斗罗回头看了一眼，发现菊斗罗正在后面紧追不舍，而且脸上还带着一种急切的表情。,这表情，让鬼豹斗罗浑身鸡皮疙瘩都起来了。,“月关你疯了吗？！“,鬼豹斗罗一边跑一边回头喊道：“老子就是在会议山嘲笑了你几句，你至于追杀我吗？！“,“追杀你个锤子！“,
第27章 龟儿子给我站住！老菊刹不住车了！,菊斗罗气喘吁吁地在后面追着，兰花指指着前方：“我这是为你好！“,“为我好？“,鬼豹斗罗差点没被这话给噎死：“你TM追我追得跟疯狗似的，还说是在为我好？你当我鬼豹是傻的？“,说罢，鬼豹的速度更上一层了，进一步拉大两人之间的距离。,“哎！你特么！”,菊斗罗气得脸都绿了，看着鬼豹斗罗那兔子般的身影越跑越远，心里那叫一个急啊！,这可是林前辈的顾客！,一个都不能少！,“老子跟你拼了！”,菊斗罗一咬牙，直接释放了武魂！,轰！,金光闪闪的奇茸通天菊瞬间绽放在他身后，九个魂环律动着恐怖的威压。,他就这么踩着武魂快速朝着鬼豹斗罗快速逼近。,看到菊斗罗连武魂都开了，鬼豹斗罗的眼珠子差点瞪出来！,“我靠！月关你玩真的？！”,那朵金灿灿的奇茸通天菊在阳光下闪闪发光，九个魂环律动着恐怖的威压，吓得街上的低级魂师纷纷躲避。,鬼豹斗罗心里彻底慌了。,妈的！这家伙是真想弄死我啊！
第27章 龟儿子给我站住！老菊刹不住车了！,眼看着菊斗罗越追越近，鬼豹斗罗彻底豁出去了。,“既然你要玩真的，那老子也不客气了！”,轰！,一道黑光冲天而起，鬼豹斗罗第七魂环一闪，身体瞬间开始变化。,武魂真身！,黑色的毛发如潮水般涌出，肌肉急剧膨胀，骨骼咔咔作响。,短短一眨眼的功夫，鬼豹斗罗就变成了一只足有十米长的巨大黑豹！,“嗷！”,黑豹仰天长啸，四肢发力，整个身体如离弦之箭般蹿了出去。,敏攻系封号斗罗的武魂真身，那速度简直快得离谱！,“我草泥马！”,菊斗罗气得破口大骂，但还是催动武魂拼命追赶。,“鬼豹你个龟儿子！给老子停下！“,正当两位封号斗罗在武魂城的街道上演着疯狂追逐戏时。,距离他们前方一公里处，一个身材火辣的女性身影正提着大包小包从一家精品店里走出来。,那正是武魂殿长老中唯一的女性，九十三级的灵鸢斗罗！,虽说她已经达到了封号斗罗级别，但是她和绝大多数女人一样，很喜欢逛街购物。,
第27章 龟儿子给我站住！老菊刹不住车了！,今天难得有空闲时间，她就出来给自己买了一堆衣服首饰。,“今天的收获还不错呢。“,灵鸢斗罗看着手里提着的各种购物袋，脸上露出满意的笑容。,她正准备继续往前走，去下一家店铺看看，结果——,“轰！“,还没等灵鸢斗罗反应过来是怎么回事，一个巨大的黑色身影就这么“嗖“地从她面前掠过！,那速度快得惊人！,带起的风压差点把她整个人都给吹倒！,“刚刚好像有个大黑耗子飞过去了？”,灵鸢斗罗眨了眨眼，一脸懵逼地看着刚才那个黑影掠过的方向。,那速度快得她都没看清楚到底是什么东西。,正当她不去理会，转而继续前进的时候，突然听到一道妖娆的惊恐声从身后传来。,“灵鸢！快躲开啊！我刹不住车了！”,,,,,
第28章 菊斗罗强抢“民女”现场,灵鸢斗罗猛然回头，瞳孔瞬间收缩到针尖大小。,一朵巨大的金色菊花正以雷霆万钧之势朝她冲来！,花瓣上还站着一个妖娆的身影，正是菊斗罗月关！,“我的妈呀！”,灵鸢斗罗的脸色瞬间惨白如纸，那双平日里冷艳的美眸中满是惊恐。,作为九十三级的封号斗罗，她什么大风大浪没见过？,可眼前这一幕实在太过震撼，仿佛有座大山朝她砸来！,情急之下，这个往日里脑子只知道莽的女人瞬间运转起那早已生锈的CPU。,“你往左，我往右！”,她声嘶力竭地大喊，声音都破了音。,菊斗罗虽然感觉哪里不太对劲，但还是下意识照做，拼了命让路线偏向左侧。,灵鸢斗罗也提着大包小包往右侧躲闪。,但是……,两人面对面，菊斗罗的左，可不就是灵鸢斗罗的右吗？,“轰！”,两人狠狠撞在一起，发出惊天动地的巨响！,灵鸢斗罗整个人如炮弹般倒飞而出，在空中划出一道优美的抛物线。,她手中的购物袋瞬间炸开，各种精美的衣服、首饰、化妆品如天女散花般洒向四面八方。
第28章 菊斗罗强抢“民女”现场,“砰！”,灵鸢斗罗重重砸在地上，激起一片尘土。,那些昂贵的丝绸被撕成碎片，珍贵的玉石首饰摔得粉碎，进口的香水瓶子更是碎了满地。,“我的宝贝们！”,灵鸢斗罗顾不上身上的疼痛，看着散落一地的“尸体”，心如刀割。,两道鲜红的血液从她的鼻孔中流淌而出，在那张精致的脸蛋上划出两道刺目的红线。,她颤抖着从地上捡起一块还算完整的丝巾，撕开塞住流血的鼻孔。,随后猛地从地上跳起，像只发疯的母豹子般扑向菊斗罗。,“月关！你个死变态！”,“赔我的衣服！赔我的首饰！”,“你知道这些东西多少钱吗？！”,她一边哭一边对着菊斗罗连踢带打，那叫一个凄惨。,菊斗罗下意识就想道歉，毕竟撞坏了人家的东西确实不好意思。,但很快他就眼神一亮，反应过来对方也是封号斗罗！,“对啊！这也是个韭菜啊！”,跑了个鬼豹，来了个灵鸢，不亏！,察觉到菊斗罗那突然兴奋起来的眼神，灵鸢斗罗瞬间警觉起来。,
第28章 菊斗罗强抢“民女”现场,那眼神……怎么有种看到猎物的感觉？,太吓人了！,她下意识后退两步，也不敢再继续找菊斗罗的麻烦。,“你…你想干什么？”,灵鸢斗罗的声音都在颤抖，她感觉菊斗罗的眼神实在太危险了。,而菊斗罗则是兴奋得双眼放光，那张妖娆的脸上浮现出一抹诡异的笑容。,“灵鸢，你别怕！跟我走就行了！”,他搓着手，那副模样活像看到了什么稀世珍宝。,“保证让你体验到前所未有的快乐！”,这话在灵鸢斗罗听来，简直比恶魔的低语还要恐怖。,她浑身的鸡皮疙瘩都起来了，下意识地后退两步。,“月关，你冷静一点！”,灵鸢斗罗的声音都在颤抖，她感觉眼前的菊斗罗就像是换了个人似的。,“我们有话好好说，你别这样看着我！”,可菊斗罗哪里还听得进去？,他现在满脑子想的都是林前辈的话——体验人世间的生活。,前辈需要更多的客人！,而眼前的灵鸢斗罗，就是最好的韭菜…不对，是最尊贵的客人！
第28章 菊斗罗强抢“民女”现场,“别废话了！”,菊斗罗眼神一凝，身形瞬间消失在原地。,灵鸢斗罗心中警铃大作！,她想要后退，但菊斗罗和她之间的距离实在太近了。,更要命的是，两人之间整整两级的实力差距！,菊斗罗身形如鬼魅般闪现，一个标准的擒拿手直接将她制服。,“月关！你疯了吗？！”,灵鸢斗罗惊恐地扭动着身体，但根本无法挣脱菊斗罗的铁钳般的手掌。,“我错了！我真的错了！”,她的声音带上了惊恐。,那些昂贵的衣服首饰在此刻显得如此微不足道。,“我不需要你赔偿了！求你放了我吧！”,可菊斗罗根本不为所动。,他的眼神中闪烁着一种狂热的光芒。,那是对林前辈的绝对忠诚！,必须把灵鸢带到枫染亭！,这是为了林前辈能够体验到更丰富的人世间生活！,
第28章 菊斗罗强抢“民女”现场,这是神圣的使命！,“别怕，我不会伤害你的。”,菊斗罗的声音难得温和了一些，但手上的力道丝毫没有放松。,他心中涌起一阵愧疚，但很快就被使命感压了下去。,“我只是带你去个地方，保证你会感谢我的。”,说着，他一把抓住灵鸢斗罗的胳膊。,拖着对方朝着枫染亭的方向快速移动。,“走！”,灵鸢斗罗绝望地看着周围的路人。,那些人看到是两位封号斗罗的“私人恩怨”，都远远地避开了。,没有人敢插手两位封号斗罗之间的事情。,更别说是武魂殿长老级别的存在！,“不要！我不去！”,灵鸢斗罗拼命挣扎，美丽的脸蛋因为恐惧而扭曲。,但在绝对的实力压制下，她的反抗显得那么苍白无力。,菊斗罗见状，心中一横。,时间不等人！,林前辈还在等着客人呢！
第28章 菊斗罗强抢“民女”现场,他直接召唤出奇茸通天菊，踩在上面飞了起来。,两人的身影瞬间消失在街道上。,只留下满地的购物袋残骸。,以及路人们震惊的议论声。,“刚才那是不是菊长老？”,“好像是的，他旁边那个女的是谁？”,“不知道，但看起来很惨的样子…”,“菊长老这是要做什么啊？”,而此时的灵鸢斗罗，正被菊斗罗强行带着在房屋间快速穿梭。,风声在耳边呼啸而过。,她的心中充满了恐惧和绝望。,难道今天真的要栽在这个变态手里了吗？,另一边，魔熊斗罗已经在鬼斗罗的带领下，来到了枫染亭门口。,还没进门，魔熊斗罗就被这家饭店的外观给震住了。,朴素得不能再朴素的店面，和武魂城其他大饭店完全不能比。,这就是老鬼说的神秘饭店？,魔熊斗罗心里直打鼓。,
第28章 菊斗罗强抢“民女”现场,“老鬼，你确定没搞错地方？”,魔熊斗罗压低声音，小心翼翼地问道。,“这破地方看起来连个正经厨师都没有。”,鬼斗罗瞪了他一眼。,“你懂个屁！”,“越是这种不起眼的地方，越隐藏着大机缘！”,“待会儿见到林前辈，你给我老实点！”,说着，鬼斗罗推开了饭店的门。,,,,,,,,,,
第29章 你个浓眉大眼的，居然这么会舔？,叮铃铃——,清脆的铃声响起。,魔熊斗罗跟着鬼斗罗走进店内，第一眼就看到了那个慵懒地靠在摇椅上的年轻人。,看起来也就二十出头，普普通通的样子。,这…就是老鬼说的神秘前辈？,魔熊斗罗心中疑惑，下意识地想要用魂力探查一下。,结果——,什么都感受不到！,就像是在看一个普通人！,可越是这样，魔熊斗罗心中越是震撼。,能让他一个九十四级封号斗罗都看不透深浅的存在，那得是什么级别的强者？,九十八级？,还是九十九级？,魔熊斗罗瞬间收起了心中的轻视。,他偷偷看了一眼身旁的鬼斗罗，发现对方正用一种近乎虔诚的眼神看着摇椅上的年轻人。,那种眼神…,就像是在看神明！,“前辈，我回来了。“
第29章 你个浓眉大眼的，居然这么会舔？,鬼斗罗的声音里带着明显的敬畏。,“这位是魔熊斗罗，我的老兄弟。“,“我跟他说了您这里的神奇，他也想来体验一下。“,这一刻，魔熊斗罗彻底确认了。,眼前这个看似普通的年轻人，绝对是个超级高手！,“前辈好！”,他毫不犹豫地单膝跪地，抢在鬼斗罗前面开口。,“晚辈魔熊斗罗，武魂殿长老，九十四级强攻系封号斗罗！”,“久闻前辈大名，今日得见，实乃三生有幸！”,鬼斗罗愣了一下。,你个浓眉大眼的家伙，居然比我还会舔？,不对，这叫敬重！,对林前辈的敬重！,林枫慵懒地瞥了一眼跪在地上的魔熊斗罗，心中暗自吐槽。,我擦？这货怎么一上来就跪？,老子还没装逼呢，你就这么配合？,这届韭菜的觉悟这么高吗？,
